Invoice,StockCode,Description,Quantity,InvoiceDate,Price,Customer ID,Country
536001,85105,SET OF 6 SPICE TINS,8,2010-01-04 13:33:00,9.18,12658,Germany
536002,85107,JAM MAKING SET,5,2010-01-04 10:34:00,3.67,12739,Netherlands
536002,85106,PACK OF 72 CAKE CASES,2,2010-01-04 10:34:00,3.9,12739,Netherlands
536003,85106,PACK OF 72 CAKE CASES,2,2010-01-04 14:21:00,3.9,12571,United Kingdom
536003,85102,REGENCY CAKESTAND,1,2010-01-04 14:21:00,4.35,12571,United Kingdom
536003,85100,WHITE HANGING HEART,2,2010-01-04 14:21:00,6.3,12571,United Kingdom
536004,85106,PACK OF 72 CAKE CASES,1,2010-01-04 12:54:00,3.9,12890,United Kingdom
536004,85101,JUMBO BAG RED,3,2010-01-04 12:54:00,9.32,12890,United Kingdom
536004,85106,PACK OF 72 CAKE CASES,6,2010-01-04 12:54:00,3.9,12890,United Kingdom
536005,85101,JUMBO BAG RED,10,2010-01-04 17:53:00,9.32,12688,United Kingdom
536005,85101,JUMBO BAG RED,4,2010-01-04 17:53:00,9.32,12688,United Kingdom
536006,85103,PARTY BUNTING,1,2010-01-04 10:21:00,11.18,12850,Netherlands
536006,85109,ASSORTED COLOUR BIRD,9,2010-01-04 10:21:00,6.63,12850,Netherlands
536007,85106,PACK OF 72 CAKE CASES,13,2010-01-04 11:05:00,3.9,12620,United Kingdom
536007,85102,REGENCY CAKESTAND,5,2010-01-04 11:05:00,4.35,12620,United Kingdom
536008,85101,JUMBO BAG RED,10,2010-01-04 09:19:00,9.32,12712,United Kingdom
536008,85105,SET OF 6 SPICE TINS,1,2010-01-04 09:19:00,9.18,12712,United Kingdom
536008,85106,PACK OF 72 CAKE CASES,5,2010-01-04 09:19:00,3.9,12712,United Kingdom
536009,85103,PARTY BUNTING,10,2010-01-04 13:48:00,11.18,12614,United Kingdom
536010,85100,WHITE HANGING HEART,3,2010-01-04 09:07:00,6.3,12868,EIRE
536010,85107,JAM MAKING SET,10,2010-01-04 09:07:00,3.67,12868,EIRE
536011,85100,WHITE HANGING HEART,2,2010-01-04 11:31:00,6.3,12758,United Kingdom
536011,85100,WHITE HANGING HEART,10,2010-01-04 11:31:00,6.3,12758,United Kingdom
536012,85103,PARTY BUNTING,4,2010-01-04 17:06:00,11.18,12823,United Kingdom
536012,85100,WHITE HANGING HEART,7,2010-01-04 17:06:00,6.3,12823,United Kingdom
536013,85103,PARTY BUNTING,6,2010-01-04 17:46:00,11.18,12819,EIRE
536013,85102,REGENCY CAKESTAND,2,2010-01-04 17:46:00,4.35,12819,EIRE
536014,85107,JAM MAKING SET,6,2010-01-05 14:37:00,3.67,12866,United Kingdom
536014,85100,WHITE HANGING HEART,6,2010-01-05 14:37:00,6.3,12866,United Kingdom
536014,85100,WHITE HANGING HEART,9,2010-01-05 14:37:00,6.3,12866,United Kingdom
536014,85100,WHITE HANGING HEART,5,2010-01-05 14:37:00,6.3,12866,United Kingdom
536015,85103,PARTY BUNTING,6,2010-01-05 08:13:00,11.18,12759,United Kingdom
536015,85100,WHITE HANGING HEART,3,2010-01-05 08:13:00,6.3,12759,United Kingdom
536015,85108,RECIPE BOX PANTRY,10,2010-01-05 08:13:00,10.31,12759,United Kingdom
536015,85104,LUNCH BAG BLACK,8,2010-01-05 08:13:00,5.6,12759,United Kingdom
536016,85107,JAM MAKING SET,10,2010-01-05 10:11:00,3.67,12720,United Kingdom
536017,85109,ASSORTED COLOUR BIRD,11,2010-01-05 10:23:00,6.63,12629,United Kingdom
536017,85106,PACK OF 72 CAKE CASES,4,2010-01-05 10:23:00,3.9,12629,United Kingdom
536017,85102,REGENCY CAKESTAND,10,2010-01-05 10:23:00,4.35,12629,United Kingdom
536017,85104,LUNCH BAG BLACK,4,2010-01-05 10:23:00,5.6,12629,United Kingdom
536018,85101,JUMBO BAG RED,2,2010-01-05 09:20:00,9.32,12639,United Kingdom
536018,85105,SET OF 6 SPICE TINS,3,2010-01-05 09:20:00,9.18,12639,United Kingdom
536019,85100,WHITE HANGING HEART,2,2010-01-05 11:00:00,6.3,12786,United Kingdom
536020,85108,RECIPE BOX PANTRY,5,2010-01-05 11:35:00,10.31,12588,EIRE
536020,85101,JUMBO BAG RED,3,2010-01-05 11:35:00,9.32,12588,EIRE
536020,85101,JUMBO BAG RED,2,2010-01-05 11:35:00,9.32,12588,EIRE
536021,85103,PARTY BUNTING,4,2010-01-05 11:26:00,11.18,12621,United Kingdom
536021,85102,REGENCY CAKESTAND,11,2010-01-05 11:26:00,4.35,12621,United Kingdom
536021,85101,JUMBO BAG RED,7,2010-01-05 11:26:00,9.32,12621,United Kingdom
536021,85100,WHITE HANGING HEART,3,2010-01-05 11:26:00,6.3,12621,United Kingdom
536022,85103,PARTY BUNTING,2,2010-01-05 10:48:00,11.18,12852,Germany
536023,85106,PACK OF 72 CAKE CASES,6,2010-01-06 10:57:00,3.9,12878,United Kingdom
536023,85103,PARTY BUNTING,4,2010-01-06 10:57:00,11.18,12878,United Kingdom
536023,85100,WHITE HANGING HEART,7,2010-01-06 10:57:00,6.3,12878,United Kingdom
536023,85101,JUMBO BAG RED,15,2010-01-06 10:57:00,9.32,12878,United Kingdom
536024,85104,LUNCH BAG BLACK,5,2010-01-06 08:51:00,5.6,12796,United Kingdom
536024,85109,ASSORTED COLOUR BIRD,6,2010-01-06 08:51:00,6.63,12796,United Kingdom
536024,85107,JAM MAKING SET,3,2010-01-06 08:51:00,3.67,12796,United Kingdom
536025,85105,SET OF 6 SPICE TINS,7,2010-01-06 17:17:00,9.18,12563,United Kingdom
536025,85101,JUMBO BAG RED,1,2010-01-06 17:17:00,9.32,12563,United Kingdom
536026,85105,SET OF 6 SPICE TINS,9,2010-01-06 10:52:00,9.18,12584,United Kingdom
536026,85105,SET OF 6 SPICE TINS,5,2010-01-06 10:52:00,9.18,12584,United Kingdom
536026,85105,SET OF 6 SPICE TINS,9,2010-01-06 10:52:00,9.18,12584,United Kingdom
536026,85101,JUMBO BAG RED,6,2010-01-06 10:52:00,9.32,12584,United Kingdom
536027,85105,SET OF 6 SPICE TINS,8,2010-01-06 16:08:00,9.18,12631,United Kingdom
536027,85101,JUMBO BAG RED,-3,2010-01-06 16:08:00,9.32,12631,United Kingdom
536027,85104,LUNCH BAG BLACK,10,2010-01-06 16:08:00,5.6,12631,United Kingdom
536027,85100,WHITE HANGING HEART,5,2010-01-06 16:08:00,6.3,12631,United Kingdom
536028,85108,RECIPE BOX PANTRY,2,2010-01-06 12:30:00,10.31,12736,United Kingdom
536028,85102,REGENCY CAKESTAND,1,2010-01-06 12:30:00,4.35,12736,United Kingdom
536028,85104,LUNCH BAG BLACK,2,2010-01-06 12:30:00,5.6,12736,United Kingdom
536028,85103,PARTY BUNTING,5,2010-01-06 12:30:00,11.18,12736,United Kingdom
536029,85102,REGENCY CAKESTAND,4,2010-01-06 11:11:00,4.35,12782,United Kingdom
536029,85100,WHITE HANGING HEART,4,2010-01-06 11:11:00,6.3,12782,United Kingdom
536029,85105,SET OF 6 SPICE TINS,5,2010-01-06 11:11:00,9.18,12782,United Kingdom
536029,85109,ASSORTED COLOUR BIRD,4,2010-01-06 11:11:00,6.63,12782,United Kingdom
536030,85104,LUNCH BAG BLACK,2,2010-01-06 11:42:00,5.6,12845,Netherlands
536030,85104,LUNCH BAG BLACK,2,2010-01-06 11:42:00,5.6,12845,Netherlands
536030,85103,PARTY BUNTING,5,2010-01-06 11:42:00,11.18,12845,Netherlands
536031,85101,JUMBO BAG RED,2,2010-01-06 08:08:00,9.32,12628,United Kingdom
536031,85101,JUMBO BAG RED,1,2010-01-06 08:08:00,9.32,12628,United Kingdom
536031,85109,ASSORTED COLOUR BIRD,1,2010-01-06 08:08:00,6.63,12628,United Kingdom
536032,85104,LUNCH BAG BLACK,2,2010-01-06 10:06:00,5.6,12771,United Kingdom
536032,85100,WHITE HANGING HEART,-2,2010-01-06 10:06:00,6.3,12771,United Kingdom
536032,85105,SET OF 6 SPICE TINS,7,2010-01-06 10:06:00,9.18,12771,United Kingdom
536032,85102,REGENCY CAKESTAND,-3,2010-01-06 10:06:00,4.35,12771,United Kingdom
536033,85107,JAM MAKING SET,1,2010-01-07 15:12:00,3.67,12766,United Kingdom
536033,85102,REGENCY CAKESTAND,5,2010-01-07 15:12:00,4.35,12766,United Kingdom
536034,85107,JAM MAKING SET,13,2010-01-07 11:59:00,3.67,12731,Netherlands
536035,85100,WHITE HANGING HEART,4,2010-01-07 09:23:00,6.3,12538,United Kingdom
536035,85102,REGENCY CAKESTAND,1,2010-01-07 09:23:00,4.35,12538,United Kingdom
536035,85109,ASSORTED COLOUR BIRD,1,2010-01-07 09:23:00,6.63,12538,United Kingdom
536036,85108,RECIPE BOX PANTRY,13,2010-01-07 14:32:00,10.31,12829,United Kingdom
536036,85105,SET OF 6 SPICE TINS,6,2010-01-07 14:32:00,9.18,12829,United Kingdom
536036,85100,WHITE HANGING HEART,-1,2010-01-07 14:32:00,6.3,12829,United Kingdom
536037,85108,RECIPE BOX PANTRY,6,2010-01-07 10:14:00,10.31,12554,United Kingdom
536037,85100,WHITE HANGING HEART,13,2010-01-07 10:14:00,6.3,12554,United Kingdom
536038,85100,WHITE HANGING HEART,4,2010-01-07 16:23:00,6.3,12683,United Kingdom
536038,85100,WHITE HANGING HEART,7,2010-01-07 16:23:00,6.3,12683,United Kingdom
536039,85104,LUNCH BAG BLACK,1,2010-01-07 11:50:00,5.6,12728,France
536040,85108,RECIPE BOX PANTRY,6,2010-01-07 16:00:00,10.31,12680,United Kingdom
536040,85101,JUMBO BAG RED,10,2010-01-07 16:00:00,9.32,12680,United Kingdom
536040,85100,WHITE HANGING HEART,11,2010-01-07 16:00:00,6.3,12680,United Kingdom
536040,85105,SET OF 6 SPICE TINS,9,2010-01-07 16:00:00,9.18,12680,United Kingdom
536041,85101,JUMBO BAG RED,10,2010-01-07 15:13:00,9.32,12582,EIRE
536041,85106,PACK OF 72 CAKE CASES,1,2010-01-07 15:13:00,3.9,12582,EIRE
536042,85101,JUMBO BAG RED,-3,2010-01-07 16:17:00,9.32,12770,United Kingdom
536042,85100,WHITE HANGING HEART,3,2010-01-07 16:17:00,6.3,12770,United Kingdom
536043,85102,REGENCY CAKESTAND,1,2010-01-08 14:25:00,4.35,12622,EIRE
536043,85101,JUMBO BAG RED,7,2010-01-08 14:25:00,9.32,12622,EIRE
536044,85100,WHITE HANGING HEART,1,2010-01-08 09:40:00,6.3,12575,United Kingdom
536044,85100,WHITE HANGING HEART,6,2010-01-08 09:40:00,6.3,12575,United Kingdom
536044,85104,LUNCH BAG BLACK,1,2010-01-08 09:40:00,5.6,12575,United Kingdom
536045,85101,JUMBO BAG RED,9,2010-01-08 15:57:00,9.32,12709,Netherlands
536045,85107,JAM MAKING SET,1,2010-01-08 15:57:00,3.67,12709,Netherlands
536045,85104,LUNCH BAG BLACK,4,2010-01-08 15:57:00,5.6,12709,Netherlands
536045,85102,REGENCY CAKESTAND,1,2010-01-08 15:57:00,4.35,12709,Netherlands
536046,85101,JUMBO BAG RED,5,2010-01-08 10:44:00,9.32,12656,Netherlands
536046,85104,LUNCH BAG BLACK,1,2010-01-08 10:44:00,5.6,12656,Netherlands
536046,85102,REGENCY CAKESTAND,8,2010-01-08 10:44:00,4.35,12656,Netherlands
536047,85101,JUMBO BAG RED,11,2010-01-08 15:42:00,9.32,12857,United Kingdom
536047,85110,PAPER CHAIN KIT,6,2010-01-08 15:42:00,5.67,12857,United Kingdom
536047,85102,REGENCY CAKESTAND,4,2010-01-08 15:42:00,4.35,12857,United Kingdom
536048,85106,PACK OF 72 CAKE CASES,5,2010-01-08 12:17:00,3.9,12786,United Kingdom
536048,85100,WHITE HANGING HEART,10,2010-01-08 12:17:00,6.3,12786,United Kingdom
536048,85102,REGENCY CAKESTAND,5,2010-01-08 12:17:00,4.35,12786,United Kingdom
536049,85101,JUMBO BAG RED,11,2010-01-08 10:10:00,9.32,12829,Netherlands
536050,85102,REGENCY CAKESTAND,14,2010-01-08 13:42:00,4.35,12659,Netherlands
536050,85101,JUMBO BAG RED,4,2010-01-08 13:42:00,9.32,12659,Netherlands
536050,85100,WHITE HANGING HEART,7,2010-01-08 13:42:00,6.3,12659,Netherlands
536051,85107,JAM MAKING SET,7,2010-01-08 11:54:00,3.67,12586,EIRE
536052,85100,WHITE HANGING HEART,7,2010-01-08 09:06:00,6.3,12541,United Kingdom
536052,85111,WOODLAND CHARLOTTE BAG,6,2010-01-08 09:06:00,9.31,12541,United Kingdom
536052,85103,PARTY BUNTING,13,2010-01-08 09:06:00,11.18,12541,United Kingdom
536053,85102,REGENCY CAKESTAND,6,2010-01-08 12:46:00,4.35,12602,United Kingdom
536053,85105,SET OF 6 SPICE TINS,5,2010-01-08 12:46:00,9.18,12602,United Kingdom
536053,85105,SET OF 6 SPICE TINS,3,2010-01-08 12:46:00,9.18,12602,United Kingdom
536054,85107,JAM MAKING SET,8,2010-01-08 09:18:00,3.67,12732,United Kingdom
536055,85102,REGENCY CAKESTAND,10,2010-01-08 13:59:00,4.35,12614,France
536055,85104,LUNCH BAG BLACK,1,2010-01-08 13:59:00,5.6,12614,France
536056,85102,REGENCY CAKESTAND,3,2010-01-09 09:44:00,4.35,12513,United Kingdom
536056,85111,WOODLAND CHARLOTTE BAG,2,2010-01-09 09:44:00,9.31,12513,United Kingdom
536057,85104,LUNCH BAG BLACK,8,2010-01-09 13:28:00,5.6,12611,Netherlands
536057,85102,REGENCY CAKESTAND,6,2010-01-09 13:28:00,4.35,12611,Netherlands
536058,85103,PARTY BUNTING,11,2010-01-09 16:23:00,11.18,12764,United Kingdom
536059,85106,PACK OF 72 CAKE CASES,7,2010-01-09 09:11:00,3.9,12701,United Kingdom
536059,85103,PARTY BUNTING,7,2010-01-09 09:11:00,11.18,12701,United Kingdom
536059,85105,SET OF 6 SPICE TINS,1,2010-01-09 09:11:00,9.18,12701,United Kingdom
536060,85102,REGENCY CAKESTAND,7,2010-01-11 15:14:00,4.35,12841,United Kingdom
536061,85101,JUMBO BAG RED,9,2010-01-11 13:38:00,9.32,12696,United Kingdom
536062,85102,REGENCY CAKESTAND,2,2010-01-11 10:19:00,4.35,12872,United Kingdom
536063,85108,RECIPE BOX PANTRY,7,2010-01-11 15:58:00,10.31,12642,United Kingdom
536064,85103,PARTY BUNTING,5,2010-01-11 16:30:00,11.18,12813,United Kingdom
536064,85100,WHITE HANGING HEART,5,2010-01-11 16:30:00,6.3,12813,United Kingdom
536065,85106,PACK OF 72 CAKE CASES,7,2010-01-11 17:55:00,3.9,12860,United Kingdom
536065,85106,PACK OF 72 CAKE CASES,1,2010-01-11 17:55:00,3.9,12860,United Kingdom
536065,85100,WHITE HANGING HEART,9,2010-01-11 17:55:00,6.3,12860,United Kingdom
536066,85100,WHITE HANGING HEART,9,2010-01-11 09:21:00,6.3,12536,United Kingdom
536067,85106,PACK OF 72 CAKE CASES,1,2010-01-11 09:42:00,3.9,12899,EIRE
536068,85102,REGENCY CAKESTAND,3,2010-01-11 08:57:00,4.35,12892,France
536068,85102,REGENCY CAKESTAND,3,2010-01-11 08:57:00,4.35,12892,France
536068,85102,REGENCY CAKESTAND,5,2010-01-11 08:57:00,4.35,12892,France
536068,85103,PARTY BUNTING,6,2010-01-11 08:57:00,11.18,12892,France
536069,85101,JUMBO BAG RED,-3,2010-01-11 08:55:00,9.32,12652,United Kingdom
536069,85103,PARTY BUNTING,6,2010-01-11 08:55:00,11.18,12652,United Kingdom
536069,85109,ASSORTED COLOUR BIRD,4,2010-01-11 08:55:00,6.63,12652,United Kingdom
536069,85101,JUMBO BAG RED,7,2010-01-11 08:55:00,9.32,12652,United Kingdom
536070,85101,JUMBO BAG RED,8,2010-01-12 17:25:00,9.32,12768,United Kingdom
536070,85100,WHITE HANGING HEART,10,2010-01-12 17:25:00,6.3,12768,United Kingdom
536070,85105,SET OF 6 SPICE TINS,-2,2010-01-12 17:25:00,9.18,12768,United Kingdom
536071,85107,JAM MAKING SET,3,2010-01-12 08:43:00,3.67,12807,Netherlands
536072,85100,WHITE HANGING HEART,7,2010-01-12 12:03:00,6.3,12748,United Kingdom
536072,85103,PARTY BUNTING,2,2010-01-12 12:03:00,11.18,12748,United Kingdom
536072,85111,WOODLAND CHARLOTTE BAG,6,2010-01-12 12:03:00,9.31,12748,United Kingdom
536072,85100,WHITE HANGING HEART,15,2010-01-12 12:03:00,6.3,12748,United Kingdom
536073,85110,PAPER CHAIN KIT,8,2010-01-12 13:45:00,5.67,12663,United Kingdom
536073,85101,JUMBO BAG RED,9,2010-01-12 13:45:00,9.32,12663,United Kingdom
536073,85108,RECIPE BOX PANTRY,1,2010-01-12 13:45:00,10.31,12663,United Kingdom
536074,85105,SET OF 6 SPICE TINS,2,2010-01-12 09:51:00,9.18,12659,United Kingdom
536074,85101,JUMBO BAG RED,6,2010-01-12 09:51:00,9.32,12659,United Kingdom
536074,85100,WHITE HANGING HEART,1,2010-01-12 09:51:00,6.3,12659,United Kingdom
536075,85100,WHITE HANGING HEART,7,2010-01-12 09:05:00,6.3,12608,United Kingdom
536076,85100,WHITE HANGING HEART,9,2010-01-12 16:51:00,6.3,12836,United Kingdom
536076,85100,WHITE HANGING HEART,1,2010-01-12 16:51:00,6.3,12836,United Kingdom
536077,85110,PAPER CHAIN KIT,4,2010-01-12 11:37:00,5.67,12794,United Kingdom
536077,85108,RECIPE BOX PANTRY,12,2010-01-12 11:37:00,10.31,12794,United Kingdom
536077,85103,PARTY BUNTING,1,2010-01-12 11:37:00,11.18,12794,United Kingdom
536078,85106,PACK OF 72 CAKE CASES,7,2010-01-13 09:28:00,3.9,12711,EIRE
536079,85104,LUNCH BAG BLACK,9,2010-01-13 08:10:00,5.6,12556,United Kingdom
536079,85101,JUMBO BAG RED,13,2010-01-13 08:10:00,9.32,12556,United Kingdom
536080,85102,REGENCY CAKESTAND,7,2010-01-13 08:54:00,4.35,12880,United Kingdom
536081,85104,LUNCH BAG BLACK,6,2010-01-13 11:31:00,5.6,12633,United Kingdom
536081,85106,PACK OF 72 CAKE CASES,4,2010-01-13 11:31:00,3.9,12633,United Kingdom
536081,85110,PAPER CHAIN KIT,4,2010-01-13 11:31:00,5.67,12633,United Kingdom
536081,85111,WOODLAND CHARLOTTE BAG,1,2010-01-13 11:31:00,9.31,12633,United Kingdom
536082,85101,JUMBO BAG RED,7,2010-01-13 16:48:00,9.32,12815,Netherlands
536082,85103,PARTY BUNTING,9,2010-01-13 16:48:00,11.18,12815,Netherlands
536082,85110,PAPER CHAIN KIT,6,2010-01-13 16:48:00,5.67,12815,Netherlands
536083,85103,PARTY BUNTING,3,2010-01-13 08:40:00,11.18,12658,United Kingdom
536083,85100,WHITE HANGING HEART,3,2010-01-13 08:40:00,6.3,12658,United Kingdom
536083,85101,JUMBO BAG RED,7,2010-01-13 08:40:00,9.32,12658,United Kingdom
536083,85103,PARTY BUNTING,2,2010-01-13 08:40:00,11.18,12658,United Kingdom
536084,85111,WOODLAND CHARLOTTE BAG,1,2010-01-13 10:51:00,9.31,12729,United Kingdom
536084,85106,PACK OF 72 CAKE CASES,8,2010-01-13 10:51:00,3.9,12729,United Kingdom
536084,85107,JAM MAKING SET,5,2010-01-13 10:51:00,3.67,12729,United Kingdom
536085,85107,JAM MAKING SET,1,2010-01-13 11:42:00,3.67,12841,United Kingdom
536085,85101,JUMBO BAG RED,5,2010-01-13 11:42:00,9.32,12841,United Kingdom
536086,85100,WHITE HANGING HEART,3,2010-01-13 13:54:00,6.3,12822,United Kingdom
536086,85100,WHITE HANGING HEART,6,2010-01-13 13:54:00,6.3,12822,United Kingdom
536086,85102,REGENCY CAKESTAND,6,2010-01-13 13:54:00,4.35,12822,United Kingdom
536087,85102,REGENCY CAKESTAND,10,2010-01-13 16:44:00,4.35,12730,United Kingdom
536087,85105,SET OF 6 SPICE TINS,12,2010-01-13 16:44:00,9.18,12730,United Kingdom
536087,85103,PARTY BUNTING,4,2010-01-13 16:44:00,11.18,12730,United Kingdom
536087,85101,JUMBO BAG RED,10,2010-01-13 16:44:00,9.32,12730,United Kingdom
536088,85108,RECIPE BOX PANTRY,2,2010-01-14 11:45:00,10.31,12685,EIRE
536088,85100,WHITE HANGING HEART,1,2010-01-14 11:45:00,6.3,12685,EIRE
536089,85100,WHITE HANGING HEART,4,2010-01-14 15:53:00,6.3,12827,United Kingdom
536089,85103,PARTY BUNTING,7,2010-01-14 15:53:00,11.18,12827,United Kingdom
536089,85103,PARTY BUNTING,4,2010-01-14 15:53:00,11.18,12827,United Kingdom
536089,85101,JUMBO BAG RED,5,2010-01-14 15:53:00,9.32,12827,United Kingdom
536090,85100,WHITE HANGING HEART,1,2010-01-14 11:08:00,6.3,12839,United Kingdom
536091,85109,ASSORTED COLOUR BIRD,8,2010-01-14 08:06:00,6.63,12900,United Kingdom
536091,85104,LUNCH BAG BLACK,3,2010-01-14 08:06:00,5.6,12900,United Kingdom
536091,85104,LUNCH BAG BLACK,1,2010-01-14 08:06:00,5.6,12900,United Kingdom
536092,85101,JUMBO BAG RED,7,2010-01-14 09:44:00,9.32,12541,France
536093,85106,PACK OF 72 CAKE CASES,6,2010-01-14 16:06:00,3.9,12744,United Kingdom
536093,85100,WHITE HANGING HEART,9,2010-01-14 16:06:00,6.3,12744,United Kingdom
536093,85104,LUNCH BAG BLACK,7,2010-01-14 16:06:00,5.6,12744,United Kingdom
536094,85103,PARTY BUNTING,2,2010-01-14 17:16:00,11.18,12809,Netherlands
536095,85105,SET OF 6 SPICE TINS,12,2010-01-15 15:04:00,9.18,12760,United Kingdom
536095,85104,LUNCH BAG BLACK,11,2010-01-15 15:04:00,5.6,12760,United Kingdom
536095,85102,REGENCY CAKESTAND,4,2010-01-15 15:04:00,4.35,12760,United Kingdom
536095,85101,JUMBO BAG RED,3,2010-01-15 15:04:00,9.32,12760,United Kingdom
536096,85101,JUMBO BAG RED,7,2010-01-15 08:59:00,9.32,12721,France
536096,85108,RECIPE BOX PANTRY,1,2010-01-15 08:59:00,10.31,12721,France
536097,85102,REGENCY CAKESTAND,1,2010-01-15 10:27:00,4.35,12853,Netherlands
536097,85106,PACK OF 72 CAKE CASES,2,2010-01-15 10:27:00,3.9,12853,Netherlands
536097,85100,WHITE HANGING HEART,5,2010-01-15 10:27:00,6.3,12853,Netherlands
536097,85100,WHITE HANGING HEART,5,2010-01-15 10:27:00,6.3,12853,Netherlands
536098,85107,JAM MAKING SET,1,2010-01-15 08:45:00,3.67,12864,United Kingdom
536099,85103,PARTY BUNTING,3,2010-01-15 15:09:00,11.18,12637,United Kingdom
536099,85102,REGENCY CAKESTAND,-3,2010-01-15 15:09:00,4.35,12637,United Kingdom
536100,85108,RECIPE BOX PANTRY,12,2010-01-15 09:43:00,10.31,12574,France
536100,85100,WHITE HANGING HEART,8,2010-01-15 09:43:00,6.3,12574,France
536101,85100,WHITE HANGING HEART,1,2010-01-15 15:20:00,6.3,12549,EIRE
536101,85102,REGENCY CAKESTAND,12,2010-01-15 15:20:00,4.35,12549,EIRE
536101,85103,PARTY BUNTING,2,2010-01-15 15:20:00,11.18,12549,EIRE
536102,85103,PARTY BUNTING,4,2010-01-15 08:04:00,11.18,12825,France
536103,85105,SET OF 6 SPICE TINS,7,2010-01-15 14:53:00,9.18,12736,United Kingdom
536103,85108,RECIPE BOX PANTRY,7,2010-01-15 14:53:00,10.31,12736,United Kingdom
536103,85100,WHITE HANGING HEART,1,2010-01-15 14:53:00,6.3,12736,United Kingdom
536104,85101,JUMBO BAG RED,10,2010-01-15 13:34:00,9.32,12660,United Kingdom
536104,85100,WHITE HANGING HEART,-2,2010-01-15 13:34:00,6.3,12660,United Kingdom
536105,85101,JUMBO BAG RED,2,2010-01-15 12:02:00,9.32,12619,United Kingdom
536105,85100,WHITE HANGING HEART,3,2010-01-15 12:02:00,6.3,12619,United Kingdom
536105,85100,WHITE HANGING HEART,5,2010-01-15 12:02:00,6.3,12619,United Kingdom
536105,85100,WHITE HANGING HEART,10,2010-01-15 12:02:00,6.3,12619,United Kingdom
536106,85103,PARTY BUNTING,5,2010-01-16 17:18:00,11.18,12879,France
536107,85103,PARTY BUNTING,1,2010-01-16 13:32:00,11.18,12637,United Kingdom
536108,85104,LUNCH BAG BLACK,3,2010-01-16 15:07:00,5.6,12723,France
536108,85107,JAM MAKING SET,7,2010-01-16 15:07:00,3.67,12723,France
536108,85104,LUNCH BAG BLACK,2,2010-01-16 15:07:00,5.6,12723,France
536108,85110,PAPER CHAIN KIT,8,2010-01-16 15:07:00,5.67,12723,France
536109,85100,WHITE HANGING HEART,2,2010-01-16 17:06:00,6.3,12865,United Kingdom
536109,85103,PARTY BUNTING,5,2010-01-16 17:06:00,11.18,12865,United Kingdom
536110,85102,REGENCY CAKESTAND,1,2010-01-16 08:59:00,4.35,12573,United Kingdom
536110,85107,JAM MAKING SET,3,2010-01-16 08:59:00,3.67,12573,United Kingdom
536111,85105,SET OF 6 SPICE TINS,-2,2010-01-16 11:09:00,9.18,12780,United Kingdom
536112,85103,PARTY BUNTING,1,2010-01-18 12:05:00,11.18,12696,Netherlands
536112,85102,REGENCY CAKESTAND,3,2010-01-18 12:05:00,4.35,12696,Netherlands
536112,85107,JAM MAKING SET,5,2010-01-18 12:05:00,3.67,12696,Netherlands
536112,85101,JUMBO BAG RED,2,2010-01-18 12:05:00,9.32,12696,Netherlands
536113,85110,PAPER CHAIN KIT,7,2010-01-18 11:35:00,5.67,12515,EIRE
536114,85107,JAM MAKING SET,5,2010-01-18 09:34:00,3.67,12868,France
536114,85100,WHITE HANGING HEART,5,2010-01-18 09:34:00,6.3,12868,France
536115,85107,JAM MAKING SET,10,2010-01-18 17:00:00,3.67,12683,United Kingdom
536116,85105,SET OF 6 SPICE TINS,6,2010-01-18 17:35:00,9.18,12711,United Kingdom
536117,85101,JUMBO BAG RED,1,2010-01-18 09:08:00,9.32,12529,United Kingdom
536117,85104,LUNCH BAG BLACK,10,2010-01-18 09:08:00,5.6,12529,United Kingdom
536117,85105,SET OF 6 SPICE TINS,1,2010-01-18 09:08:00,9.18,12529,United Kingdom
536117,85100,WHITE HANGING HEART,5,2010-01-18 09:08:00,6.3,12529,United Kingdom
536118,85102,REGENCY CAKESTAND,5,2010-01-18 12:48:00,4.35,12591,United Kingdom
536119,85102,REGENCY CAKESTAND,8,2010-01-18 17:13:00,4.35,12645,United Kingdom
536119,85100,WHITE HANGING HEART,10,2010-01-18 17:13:00,6.3,12645,United Kingdom
536119,85106,PACK OF 72 CAKE CASES,1,2010-01-18 17:13:00,3.9,12645,United Kingdom
536119,85101,JUMBO BAG RED,2,2010-01-18 17:13:00,9.32,12645,United Kingdom
536120,85100,WHITE HANGING HEART,3,2010-01-18 09:08:00,6.3,12715,France
536121,85101,JUMBO BAG RED,8,2010-01-18 08:43:00,9.32,12844,United Kingdom
536121,85102,REGENCY CAKESTAND,17,2010-01-18 08:43:00,4.35,12844,United Kingdom
536121,85100,WHITE HANGING HEART,9,2010-01-18 08:43:00,6.3,12844,United Kingdom
536122,85104,LUNCH BAG BLACK,10,2010-01-19 11:12:00,5.6,12856,United Kingdom
536122,85104,LUNCH BAG BLACK,8,2010-01-19 11:12:00,5.6,12856,United Kingdom
536123,85102,REGENCY CAKESTAND,9,2010-01-19 08:43:00,4.35,12640,United Kingdom
536123,85101,JUMBO BAG RED,7,2010-01-19 08:43:00,9.32,12640,United Kingdom
536123,85101,JUMBO BAG RED,2,2010-01-19 08:43:00,9.32,12640,United Kingdom
536124,85100,WHITE HANGING HEART,4,2010-01-19 11:59:00,6.3,12560,United Kingdom
536124,85102,REGENCY CAKESTAND,2,2010-01-19 11:59:00,4.35,12560,United Kingdom
536124,85105,SET OF 6 SPICE TINS,5,2010-01-19 11:59:00,9.18,12560,United Kingdom
536124,85100,WHITE HANGING HEART,2,2010-01-19 11:59:00,6.3,12560,United Kingdom
536125,85104,LUNCH BAG BLACK,2,2010-01-19 16:49:00,5.6,12565,United Kingdom
536125,85100,WHITE HANGING HEART,3,2010-01-19 16:49:00,6.3,12565,United Kingdom
536126,85101,JUMBO BAG RED,13,2010-01-19 08:55:00,9.32,12587,United Kingdom
536127,85108,RECIPE BOX PANTRY,11,2010-01-19 11:49:00,10.31,12767,EIRE
536127,85102,REGENCY CAKESTAND,6,2010-01-19 11:49:00,4.35,12767,EIRE
536127,85100,WHITE HANGING HEART,2,2010-01-19 11:49:00,6.3,12767,EIRE
536128,85106,PACK OF 72 CAKE CASES,4,2010-01-19 17:30:00,3.9,12562,EIRE
536128,85102,REGENCY CAKESTAND,6,2010-01-19 17:30:00,4.35,12562,EIRE
536129,85104,LUNCH BAG BLACK,5,2010-01-19 10:34:00,5.6,12592,Germany
536129,85102,REGENCY CAKESTAND,12,2010-01-19 10:34:00,4.35,12592,Germany
536130,85104,LUNCH BAG BLACK,1,2010-01-19 10:27:00,5.6,12747,EIRE
536131,85101,JUMBO BAG RED,9,2010-01-19 11:56:00,9.32,12857,United Kingdom
536131,85105,SET OF 6 SPICE TINS,4,2010-01-19 11:56:00,9.18,12857,United Kingdom
536131,85101,JUMBO BAG RED,1,2010-01-19 11:56:00,9.32,12857,United Kingdom
536132,85103,PARTY BUNTING,6,2010-01-19 08:37:00,11.18,12732,United Kingdom
536132,85104,LUNCH BAG BLACK,5,2010-01-19 08:37:00,5.6,12732,United Kingdom
536133,85100,WHITE HANGING HEART,1,2010-01-19 16:00:00,6.3,12604,Germany
536133,85105,SET OF 6 SPICE TINS,8,2010-01-19 16:00:00,9.18,12604,Germany
536133,85100,WHITE HANGING HEART,1,2010-01-19 16:00:00,6.3,12604,Germany
536133,85102,REGENCY CAKESTAND,6,2010-01-19 16:00:00,4.35,12604,Germany
536134,85100,WHITE HANGING HEART,1,2010-01-19 09:33:00,6.3,12681,United Kingdom
536135,85104,LUNCH BAG BLACK,5,2010-01-19 13:15:00,5.6,12803,Netherlands
536136,85100,WHITE HANGING HEART,5,2010-01-20 10:44:00,6.3,12735,United Kingdom
536136,85104,LUNCH BAG BLACK,6,2010-01-20 10:44:00,5.6,12735,United Kingdom
536137,85100,WHITE HANGING HEART,1,2010-01-20 14:49:00,6.3,12734,EIRE
536138,85100,WHITE HANGING HEART,4,2010-01-20 15:32:00,6.3,12736,United Kingdom
536138,85105,SET OF 6 SPICE TINS,11,2010-01-20 15:32:00,9.18,12736,United Kingdom
536139,85100,WHITE HANGING HEART,4,2010-01-20 10:25:00,6.3,12836,United Kingdom
536139,85105,SET OF 6 SPICE TINS,6,2010-01-20 10:25:00,9.18,12836,United Kingdom
536140,85100,WHITE HANGING HEART,-2,2010-01-20 12:59:00,6.3,12711,United Kingdom
536140,85100,WHITE HANGING HEART,8,2010-01-20 12:59:00,6.3,12711,United Kingdom
536140,85107,JAM MAKING SET,8,2010-01-20 12:59:00,3.67,12711,United Kingdom
536141,85109,ASSORTED COLOUR BIRD,1,2010-01-20 15:18:00,6.63,12807,United Kingdom
536142,85101,JUMBO BAG RED,7,2010-01-20 17:13:00,9.32,12705,France
536142,85105,SET OF 6 SPICE TINS,12,2010-01-20 17:13:00,9.18,12705,France
536142,85102,REGENCY CAKESTAND,11,2010-01-20 17:13:00,4.35,12705,France
536142,85106,PACK OF 72 CAKE CASES,5,2010-01-20 17:13:00,3.9,12705,France
536143,85103,PARTY BUNTING,1,2010-01-21 11:55:00,11.18,12793,Netherlands
536143,85100,WHITE HANGING HEART,4,2010-01-21 11:55:00,6.3,12793,Netherlands
536143,85100,WHITE HANGING HEART,3,2010-01-21 11:55:00,6.3,12793,Netherlands
536143,85103,PARTY BUNTING,15,2010-01-21 11:55:00,11.18,12793,Netherlands
536144,85100,WHITE HANGING HEART,1,2010-01-21 09:04:00,6.3,12539,United Kingdom
536144,85100,WHITE HANGING HEART,12,2010-01-21 09:04:00,6.3,12539,United Kingdom
536144,85102,REGENCY CAKESTAND,9,2010-01-21 09:04:00,4.35,12539,United Kingdom
536145,85102,REGENCY CAKESTAND,3,2010-01-21 14:32:00,4.35,12590,France
536145,85100,WHITE HANGING HEART,5,2010-01-21 14:32:00,6.3,12590,France
536145,85105,SET OF 6 SPICE TINS,3,2010-01-21 14:32:00,9.18,12590,France
536146,85100,WHITE HANGING HEART,2,2010-01-21 17:00:00,6.3,12814,United Kingdom
536147,85108,RECIPE BOX PANTRY,6,2010-01-21 15:25:00,10.31,12737,France
536147,85103,PARTY BUNTING,5,2010-01-21 15:25:00,11.18,12737,France
536147,85103,PARTY BUNTING,8,2010-01-21 15:25:00,11.18,12737,France
536147,85108,RECIPE BOX PANTRY,4,2010-01-21 15:25:00,10.31,12737,France
536148,85104,LUNCH BAG BLACK,1,2010-01-21 14:41:00,5.6,12618,United Kingdom
536148,85105,SET OF 6 SPICE TINS,8,2010-01-21 14:41:00,9.18,12618,United Kingdom
536149,85100,WHITE HANGING HEART,8,2010-01-21 13:52:00,6.3,12530,Netherlands
536149,85101,JUMBO BAG RED,4,2010-01-21 13:52:00,9.32,12530,Netherlands
536149,85107,JAM MAKING SET,12,2010-01-21 13:52:00,3.67,12530,Netherlands
536149,85100,WHITE HANGING HEART,3,2010-01-21 13:52:00,6.3,12530,Netherlands
536150,85102,REGENCY CAKESTAND,4,2010-01-21 12:31:00,4.35,12647,Germany
536150,85102,REGENCY CAKESTAND,1,2010-01-21 12:31:00,4.35,12647,Germany
536151,85101,JUMBO BAG RED,14,2010-01-21 08:56:00,9.32,12668,United Kingdom
536151,85108,RECIPE BOX PANTRY,10,2010-01-21 08:56:00,10.31,12668,United Kingdom
536152,85110,PAPER CHAIN KIT,3,2010-01-21 16:52:00,5.67,12853,United Kingdom
536152,85103,PARTY BUNTING,3,2010-01-21 16:52:00,11.18,12853,United Kingdom
536153,85107,JAM MAKING SET,3,2010-01-22 15:10:00,3.67,12538,France
536153,85103,PARTY BUNTING,9,2010-01-22 15:10:00,11.18,12538,France
536153,85103,PARTY BUNTING,7,2010-01-22 15:10:00,11.18,12538,France
536153,85108,RECIPE BOX PANTRY,9,2010-01-22 15:10:00,10.31,12538,France
536154,85109,ASSORTED COLOUR BIRD,6,2010-01-22 17:13:00,6.63,12521,EIRE
536154,85101,JUMBO BAG RED,3,2010-01-22 17:13:00,9.32,12521,EIRE
536154,85102,REGENCY CAKESTAND,6,2010-01-22 17:13:00,4.35,12521,EIRE
536155,85100,WHITE HANGING HEART,7,2010-01-22 08:15:00,6.3,12714,United Kingdom
536155,85110,PAPER CHAIN KIT,4,2010-01-22 08:15:00,5.67,12714,United Kingdom
536155,85107,JAM MAKING SET,8,2010-01-22 08:15:00,3.67,12714,United Kingdom
536156,85101,JUMBO BAG RED,10,2010-01-22 15:31:00,9.32,12609,United Kingdom
536156,85101,JUMBO BAG RED,1,2010-01-22 15:31:00,9.32,12609,United Kingdom
536157,85100,WHITE HANGING HEART,7,2010-01-22 15:26:00,6.3,12538,EIRE
536157,85100,WHITE HANGING HEART,1,2010-01-22 15:26:00,6.3,12538,EIRE
536158,85108,RECIPE BOX PANTRY,3,2010-01-22 14:52:00,10.31,12704,United Kingdom
536158,85108,RECIPE BOX PANTRY,7,2010-01-22 14:52:00,10.31,12704,United Kingdom
536158,85111,WOODLAND CHARLOTTE BAG,2,2010-01-22 14:52:00,9.31,12704,United Kingdom
536158,85108,RECIPE BOX PANTRY,11,2010-01-22 14:52:00,10.31,12704,United Kingdom
536159,85100,WHITE HANGING HEART,4,2010-01-22 15:11:00,6.3,12748,Germany
536159,85100,WHITE HANGING HEART,6,2010-01-22 15:11:00,6.3,12748,Germany
536160,85104,LUNCH BAG BLACK,6,2010-01-23 09:59:00,5.6,12583,Netherlands
536160,85101,JUMBO BAG RED,6,2010-01-23 09:59:00,9.32,12583,Netherlands
536161,85106,PACK OF 72 CAKE CASES,8,2010-01-23 17:31:00,3.9,12740,United Kingdom
536161,85101,JUMBO BAG RED,10,2010-01-23 17:31:00,9.32,12740,United Kingdom
536162,85109,ASSORTED COLOUR BIRD,11,2010-01-23 17:46:00,6.63,12591,EIRE
536162,85107,JAM MAKING SET,6,2010-01-23 17:46:00,3.67,12591,EIRE
536162,85105,SET OF 6 SPICE TINS,3,2010-01-23 17:46:00,9.18,12591,EIRE
536163,85100,WHITE HANGING HEART,7,2010-01-23 11:15:00,6.3,12524,United Kingdom
536163,85101,JUMBO BAG RED,5,2010-01-23 11:15:00,9.32,12524,United Kingdom
536164,85105,SET OF 6 SPICE TINS,14,2010-01-23 09:13:00,9.18,12603,France
536164,85108,RECIPE BOX PANTRY,1,2010-01-23 09:13:00,10.31,12603,France
536164,85102,REGENCY CAKESTAND,13,2010-01-23 09:13:00,4.35,12603,France
536165,85104,LUNCH BAG BLACK,4,2010-01-23 13:32:00,5.6,12729,United Kingdom
536166,85100,WHITE HANGING HEART,4,2010-01-25 08:56:00,6.3,12759,United Kingdom
536166,85104,LUNCH BAG BLACK,3,2010-01-25 08:56:00,5.6,12759,United Kingdom
536167,85104,LUNCH BAG BLACK,3,2010-01-25 13:55:00,5.6,12558,United Kingdom
536167,85103,PARTY BUNTING,4,2010-01-25 13:55:00,11.18,12558,United Kingdom
536168,85107,JAM MAKING SET,-2,2010-01-25 08:58:00,3.67,12589,United Kingdom
536168,85102,REGENCY CAKESTAND,1,2010-01-25 08:58:00,4.35,12589,United Kingdom
536168,85108,RECIPE BOX PANTRY,7,2010-01-25 08:58:00,10.31,12589,United Kingdom
536169,85107,JAM MAKING SET,4,2010-01-25 13:12:00,3.67,12560,United Kingdom
536170,85101,JUMBO BAG RED,5,2010-01-25 14:32:00,9.32,12584,Germany
536170,85104,LUNCH BAG BLACK,3,2010-01-25 14:32:00,5.6,12584,Germany
536170,85103,PARTY BUNTING,9,2010-01-25 14:32:00,11.18,12584,Germany
536171,85100,WHITE HANGING HEART,3,2010-01-25 13:27:00,6.3,12738,United Kingdom
536172,85108,RECIPE BOX PANTRY,15,2010-01-25 12:28:00,10.31,12815,United Kingdom
536172,85100,WHITE HANGING HEART,4,2010-01-25 12:28:00,6.3,12815,United Kingdom
536172,85100,WHITE HANGING HEART,6,2010-01-25 12:28:00,6.3,12815,United Kingdom
536172,85101,JUMBO BAG RED,7,2010-01-25 12:28:00,9.32,12815,United Kingdom
536173,85106,PACK OF 72 CAKE CASES,6,2010-01-25 16:21:00,3.9,12622,Netherlands
536174,85103,PARTY BUNTING,5,2010-01-25 13:49:00,11.18,12659,United Kingdom
536174,85100,WHITE HANGING HEART,7,2010-01-25 13:49:00,6.3,12659,United Kingdom
536175,85106,PACK OF 72 CAKE CASES,5,2010-01-25 10:57:00,3.9,12838,United Kingdom
536175,85108,RECIPE BOX PANTRY,5,2010-01-25 10:57:00,10.31,12838,United Kingdom
536175,85100,WHITE HANGING HEART,7,2010-01-25 10:57:00,6.3,12838,United Kingdom
536175,85104,LUNCH BAG BLACK,8,2010-01-25 10:57:00,5.6,12838,United Kingdom
536176,85106,PACK OF 72 CAKE CASES,5,2010-01-25 12:16:00,3.9,12771,United Kingdom
536176,85108,RECIPE BOX PANTRY,9,2010-01-25 12:16:00,10.31,12771,United Kingdom
536176,85107,JAM MAKING SET,9,2010-01-25 12:16:00,3.67,12771,United Kingdom
536177,85107,JAM MAKING SET,6,2010-01-25 16:32:00,3.67,12817,United Kingdom
536177,85101,JUMBO BAG RED,10,2010-01-25 16:32:00,9.32,12817,United Kingdom
536177,85101,JUMBO BAG RED,8,2010-01-25 16:32:00,9.32,12817,United Kingdom
536178,85109,ASSORTED COLOUR BIRD,12,2010-01-25 10:57:00,6.63,12624,United Kingdom
536178,85100,WHITE HANGING HEART,1,2010-01-25 10:57:00,6.3,12624,United Kingdom
536179,85102,REGENCY CAKESTAND,14,2010-01-25 14:52:00,4.35,12872,France
536179,85100,WHITE HANGING HEART,3,2010-01-25 14:52:00,6.3,12872,France
536179,85100,WHITE HANGING HEART,8,2010-01-25 14:52:00,6.3,12872,France
536179,85100,WHITE HANGING HEART,6,2010-01-25 14:52:00,6.3,12872,France
536180,85103,PARTY BUNTING,4,2010-01-25 11:53:00,11.18,12811,United Kingdom
536181,85100,WHITE HANGING HEART,1,2010-01-26 16:20:00,6.3,12666,United Kingdom
536181,85100,WHITE HANGING HEART,7,2010-01-26 16:20:00,6.3,12666,United Kingdom
536182,85101,JUMBO BAG RED,7,2010-01-26 12:18:00,9.32,12803,United Kingdom
536182,85103,PARTY BUNTING,6,2010-01-26 12:18:00,11.18,12803,United Kingdom
536182,85100,WHITE HANGING HEART,3,2010-01-26 12:18:00,6.3,12803,United Kingdom
536183,85102,REGENCY CAKESTAND,3,2010-01-26 11:10:00,4.35,12622,Germany
536183,85102,REGENCY CAKESTAND,3,2010-01-26 11:10:00,4.35,12622,Germany
536183,85102,REGENCY CAKESTAND,1,2010-01-26 11:10:00,4.35,12622,Germany
536183,85106,PACK OF 72 CAKE CASES,14,2010-01-26 11:10:00,3.9,12622,Germany
536184,85103,PARTY BUNTING,10,2010-01-26 11:31:00,11.18,12804,Netherlands
536184,85101,JUMBO BAG RED,7,2010-01-26 11:31:00,9.32,12804,Netherlands
536185,85110,PAPER CHAIN KIT,5,2010-01-26 15:22:00,5.67,12613,United Kingdom
536185,85103,PARTY BUNTING,10,2010-01-26 15:22:00,11.18,12613,United Kingdom
536185,85106,PACK OF 72 CAKE CASES,1,2010-01-26 15:22:00,3.9,12613,United Kingdom
536185,85107,JAM MAKING SET,10,2010-01-26 15:22:00,3.67,12613,United Kingdom
536186,85101,JUMBO BAG RED,10,2010-01-26 12:00:00,9.32,12640,Germany
536187,85102,REGENCY CAKESTAND,10,2010-01-26 16:01:00,4.35,12792,United Kingdom
536188,85101,JUMBO BAG RED,3,2010-01-26 17:45:00,9.32,12529,Netherlands
536189,85104,LUNCH BAG BLACK,3,2010-01-26 09:39:00,5.6,12805,EIRE
536189,85103,PARTY BUNTING,7,2010-01-26 09:39:00,11.18,12805,EIRE
536189,85100,WHITE HANGING HEART,6,2010-01-26 09:39:00,6.3,12805,EIRE
536189,85100,WHITE HANGING HEART,1,2010-01-26 09:39:00,6.3,12805,EIRE
536190,85110,PAPER CHAIN KIT,3,2010-01-26 08:05:00,5.67,12558,United Kingdom
536190,85101,JUMBO BAG RED,7,2010-01-26 08:05:00,9.32,12558,United Kingdom
536191,85100,WHITE HANGING HEART,5,2010-01-26 10:22:00,6.3,12882,United Kingdom
536191,85107,JAM MAKING SET,8,2010-01-26 10:22:00,3.67,12882,United Kingdom
536191,85103,PARTY BUNTING,6,2010-01-26 10:22:00,11.18,12882,United Kingdom
536192,85100,WHITE HANGING HEART,5,2010-01-26 10:28:00,6.3,12745,United Kingdom
536192,85107,JAM MAKING SET,2,2010-01-26 10:28:00,3.67,12745,United Kingdom
536192,85100,WHITE HANGING HEART,4,2010-01-26 10:28:00,6.3,12745,United Kingdom
536193,85103,PARTY BUNTING,8,2010-01-27 08:48:00,11.18,12774,United Kingdom
536193,85100,WHITE HANGING HEART,9,2010-01-27 08:48:00,6.3,12774,United Kingdom
536194,85100,WHITE HANGING HEART,8,2010-01-27 12:09:00,6.3,12838,United Kingdom
536194,85110,PAPER CHAIN KIT,8,2010-01-27 12:09:00,5.67,12838,United Kingdom
536194,85102,REGENCY CAKESTAND,9,2010-01-27 12:09:00,4.35,12838,United Kingdom
536194,85101,JUMBO BAG RED,5,2010-01-27 12:09:00,9.32,12838,United Kingdom
536195,85100,WHITE HANGING HEART,6,2010-01-27 09:39:00,6.3,12529,United Kingdom
536196,85105,SET OF 6 SPICE TINS,10,2010-01-27 11:50:00,9.18,12604,United Kingdom
536196,85108,RECIPE BOX PANTRY,5,2010-01-27 11:50:00,10.31,12604,United Kingdom
536196,85101,JUMBO BAG RED,7,2010-01-27 11:50:00,9.32,12604,United Kingdom
536197,85100,WHITE HANGING HEART,8,2010-01-27 12:32:00,6.3,12879,United Kingdom
536197,85100,WHITE HANGING HEART,9,2010-01-27 12:32:00,6.3,12879,United Kingdom
536198,85100,WHITE HANGING HEART,2,2010-01-27 16:35:00,6.3,12506,United Kingdom
536198,85100,WHITE HANGING HEART,10,2010-01-27 16:35:00,6.3,12506,United Kingdom
536198,85106,PACK OF 72 CAKE CASES,1,2010-01-27 16:35:00,3.9,12506,United Kingdom
536199,85101,JUMBO BAG RED,2,2010-01-27 13:44:00,9.32,12807,United Kingdom
536199,85102,REGENCY CAKESTAND,1,2010-01-27 13:44:00,4.35,12807,United Kingdom
536199,85103,PARTY BUNTING,4,2010-01-27 13:44:00,11.18,12807,United Kingdom
536200,85100,WHITE HANGING HEART,2,2010-01-27 08:43:00,6.3,12630,Netherlands
536200,85106,PACK OF 72 CAKE CASES,2,2010-01-27 08:43:00,3.9,12630,Netherlands
536201,85107,JAM MAKING SET,7,2010-01-27 14:46:00,3.67,12759,United Kingdom
536201,85105,SET OF 6 SPICE TINS,16,2010-01-27 14:46:00,9.18,12759,United Kingdom
536201,85100,WHITE HANGING HEART,8,2010-01-27 14:46:00,6.3,12759,United Kingdom
536201,85102,REGENCY CAKESTAND,11,2010-01-27 14:46:00,4.35,12759,United Kingdom
536202,85104,LUNCH BAG BLACK,9,2010-01-27 09:59:00,5.6,12885,United Kingdom
536203,85102,REGENCY CAKESTAND,6,2010-01-27 14:06:00,4.35,12886,Germany
536203,85103,PARTY BUNTING,15,2010-01-27 14:06:00,11.18,12886,Germany
536203,85100,WHITE HANGING HEART,4,2010-01-27 14:06:00,6.3,12886,Germany
536204,85101,JUMBO BAG RED,6,2010-01-27 15:45:00,9.32,12525,United Kingdom
536204,85101,JUMBO BAG RED,9,2010-01-27 15:45:00,9.32,12525,United Kingdom
536205,85102,REGENCY CAKESTAND,4,2010-01-28 16:08:00,4.35,12745,United Kingdom
536205,85101,JUMBO BAG RED,11,2010-01-28 16:08:00,9.32,12745,United Kingdom
536205,85103,PARTY BUNTING,4,2010-01-28 16:08:00,11.18,12745,United Kingdom
536206,85101,JUMBO BAG RED,5,2010-01-28 11:41:00,9.32,12751,United Kingdom
536206,85103,PARTY BUNTING,6,2010-01-28 11:41:00,11.18,12751,United Kingdom
536206,85102,REGENCY CAKESTAND,1,2010-01-28 11:41:00,4.35,12751,United Kingdom
536207,85104,LUNCH BAG BLACK,7,2010-01-28 16:56:00,5.6,12814,Germany
536207,85101,JUMBO BAG RED,5,2010-01-28 16:56:00,9.32,12814,Germany
536207,85107,JAM MAKING SET,2,2010-01-28 16:56:00,3.67,12814,Germany
536207,85104,LUNCH BAG BLACK,8,2010-01-28 16:56:00,5.6,12814,Germany
536208,85100,WHITE HANGING HEART,10,2010-01-28 16:57:00,6.3,12580,United Kingdom
536208,85106,PACK OF 72 CAKE CASES,5,2010-01-28 16:57:00,3.9,12580,United Kingdom
536208,85108,RECIPE BOX PANTRY,8,2010-01-28 16:57:00,10.31,12580,United Kingdom
536208,85106,PACK OF 72 CAKE CASES,5,2010-01-28 16:57:00,3.9,12580,United Kingdom
536209,85101,JUMBO BAG RED,6,2010-01-28 15:18:00,9.32,12638,United Kingdom
536210,85101,JUMBO BAG RED,5,2010-01-28 15:06:00,9.32,12855,Germany
536210,85106,PACK OF 72 CAKE CASES,1,2010-01-28 15:06:00,3.9,12855,Germany
536211,85100,WHITE HANGING HEART,6,2010-01-28 08:42:00,6.3,12605,United Kingdom
536211,85101,JUMBO BAG RED,3,2010-01-28 08:42:00,9.32,12605,United Kingdom
536211,85100,WHITE HANGING HEART,1,2010-01-28 08:42:00,6.3,12605,United Kingdom
536211,85101,JUMBO BAG RED,6,2010-01-28 08:42:00,9.32,12605,United Kingdom
536212,85102,REGENCY CAKESTAND,5,2010-01-28 14:48:00,4.35,12653,Netherlands
536213,85106,PACK OF 72 CAKE CASES,7,2010-01-28 10:07:00,3.9,12741,United Kingdom
536213,85106,PACK OF 72 CAKE CASES,9,2010-01-28 10:07:00,3.9,12741,United Kingdom
536213,85107,JAM MAKING SET,9,2010-01-28 10:07:00,3.67,12741,United Kingdom
536213,85101,JUMBO BAG RED,12,2010-01-28 10:07:00,9.32,12741,United Kingdom
536214,85102,REGENCY CAKESTAND,3,2010-01-28 09:32:00,4.35,12765,United Kingdom
536215,85102,REGENCY CAKESTAND,10,2010-01-28 15:06:00,4.35,12618,United Kingdom
536216,85110,PAPER CHAIN KIT,1,2010-01-28 15:18:00,5.67,12735,United Kingdom
536216,85106,PACK OF 72 CAKE CASES,13,2010-01-28 15:18:00,3.9,12735,United Kingdom
536217,85101,JUMBO BAG RED,3,2010-01-28 12:21:00,9.32,12640,United Kingdom
536217,85100,WHITE HANGING HEART,6,2010-01-28 12:21:00,6.3,12640,United Kingdom
536217,85102,REGENCY CAKESTAND,1,2010-01-28 12:21:00,4.35,12640,United Kingdom
536218,85110,PAPER CHAIN KIT,1,2010-01-28 17:01:00,5.67,12684,United Kingdom
536218,85104,LUNCH BAG BLACK,6,2010-01-28 17:01:00,5.6,12684,United Kingdom
536219,85102,REGENCY CAKESTAND,8,2010-01-28 10:59:00,4.35,12692,United Kingdom
536219,85108,RECIPE BOX PANTRY,8,2010-01-28 10:59:00,10.31,12692,United Kingdom
536219,85100,WHITE HANGING HEART,8,2010-01-28 10:59:00,6.3,12692,United Kingdom
536219,85100,WHITE HANGING HEART,11,2010-01-28 10:59:00,6.3,12692,United Kingdom
536220,85111,WOODLAND CHARLOTTE BAG,2,2010-01-29 13:23:00,9.31,12547,United Kingdom
536220,85100,WHITE HANGING HEART,7,2010-01-29 13:23:00,6.3,12547,United Kingdom
536221,85103,PARTY BUNTING,3,2010-01-29 13:43:00,11.18,12746,United Kingdom
536221,85107,JAM MAKING SET,2,2010-01-29 13:43:00,3.67,12746,United Kingdom
536222,85101,JUMBO BAG RED,1,2010-01-29 09:49:00,9.32,12770,France
536223,85101,JUMBO BAG RED,9,2010-01-29 11:29:00,9.32,12599,United Kingdom
536223,85111,WOODLAND CHARLOTTE BAG,8,2010-01-29 11:29:00,9.31,12599,United Kingdom
536224,85105,SET OF 6 SPICE TINS,1,2010-01-29 15:17:00,9.18,12512,United Kingdom
536225,85100,WHITE HANGING HEART,17,2010-01-29 11:07:00,6.3,12839,United Kingdom
536225,85107,JAM MAKING SET,4,2010-01-29 11:07:00,3.67,12839,United Kingdom
536225,85109,ASSORTED COLOUR BIRD,-3,2010-01-29 11:07:00,6.63,12839,United Kingdom
536226,85104,LUNCH BAG BLACK,3,2010-01-29 09:33:00,5.6,12819,United Kingdom
536226,85102,REGENCY CAKESTAND,6,2010-01-29 09:33:00,4.35,12819,United Kingdom
536227,85102,REGENCY CAKESTAND,1,2010-01-29 13:09:00,4.35,12685,United Kingdom
536228,85100,WHITE HANGING HEART,10,2010-01-29 15:31:00,6.3,12859,Germany
536229,85106,PACK OF 72 CAKE CASES,5,2010-01-29 08:26:00,3.9,12858,United Kingdom
536229,85106,PACK OF 72 CAKE CASES,11,2010-01-29 08:26:00,3.9,12858,United Kingdom
536229,85101,JUMBO BAG RED,2,2010-01-29 08:26:00,9.32,12858,United Kingdom
536229,85100,WHITE HANGING HEART,7,2010-01-29 08:26:00,6.3,12858,United Kingdom
536230,85101,JUMBO BAG RED,2,2010-01-29 16:11:00,9.32,12650,United Kingdom
536230,85101,JUMBO BAG RED,3,2010-01-29 16:11:00,9.32,12650,United Kingdom
536231,85102,REGENCY CAKESTAND,9,2010-01-29 11:08:00,4.35,12886,United Kingdom
536231,85107,JAM MAKING SET,2,2010-01-29 11:08:00,3.67,12886,United Kingdom
536231,85100,WHITE HANGING HEART,3,2010-01-29 11:08:00,6.3,12886,United Kingdom
536232,85108,RECIPE BOX PANTRY,11,2010-01-29 10:17:00,10.31,12859,France
536232,85107,JAM MAKING SET,4,2010-01-29 10:17:00,3.67,12859,France
536233,85104,LUNCH BAG BLACK,1,2010-01-29 16:06:00,5.6,12824,United Kingdom
536233,85104,LUNCH BAG BLACK,-1,2010-01-29 16:06:00,5.6,12824,United Kingdom
536233,85105,SET OF 6 SPICE TINS,10,2010-01-29 16:06:00,9.18,12824,United Kingdom
536234,85103,PARTY BUNTING,7,2010-01-30 10:58:00,11.18,12762,United Kingdom
536234,85100,WHITE HANGING HEART,5,2010-01-30 10:58:00,6.3,12762,United Kingdom
536234,85105,SET OF 6 SPICE TINS,1,2010-01-30 10:58:00,9.18,12762,United Kingdom
536234,85100,WHITE HANGING HEART,5,2010-01-30 10:58:00,6.3,12762,United Kingdom
536235,85106,PACK OF 72 CAKE CASES,1,2010-01-30 16:13:00,3.9,12770,United Kingdom
536235,85103,PARTY BUNTING,7,2010-01-30 16:13:00,11.18,12770,United Kingdom
536235,85101,JUMBO BAG RED,1,2010-01-30 16:13:00,9.32,12770,United Kingdom
536235,85103,PARTY BUNTING,5,2010-01-30 16:13:00,11.18,12770,United Kingdom
536236,85100,WHITE HANGING HEART,4,2010-01-30 09:08:00,6.3,12673,United Kingdom
536236,85104,LUNCH BAG BLACK,6,2010-01-30 09:08:00,5.6,12673,United Kingdom
536236,85110,PAPER CHAIN KIT,2,2010-01-30 09:08:00,5.67,12673,United Kingdom
536236,85101,JUMBO BAG RED,6,2010-01-30 09:08:00,9.32,12673,United Kingdom
536237,85108,RECIPE BOX PANTRY,8,2010-01-30 17:26:00,10.31,12855,United Kingdom
536237,85107,JAM MAKING SET,14,2010-01-30 17:26:00,3.67,12855,United Kingdom
536238,85101,JUMBO BAG RED,1,2010-01-30 17:16:00,9.32,12789,Germany
536238,85100,WHITE HANGING HEART,6,2010-01-30 17:16:00,6.3,12789,Germany
536238,85104,LUNCH BAG BLACK,8,2010-01-30 17:16:00,5.6,12789,Germany
536238,85102,REGENCY CAKESTAND,4,2010-01-30 17:16:00,4.35,12789,Germany
536239,85104,LUNCH BAG BLACK,9,2010-01-30 15:10:00,5.6,12857,Netherlands
536240,85106,PACK OF 72 CAKE CASES,4,2010-01-30 09:30:00,3.9,12544,United Kingdom
536240,85104,LUNCH BAG BLACK,4,2010-01-30 09:30:00,5.6,12544,United Kingdom
536240,85104,LUNCH BAG BLACK,5,2010-01-30 09:30:00,5.6,12544,United Kingdom
536240,85102,REGENCY CAKESTAND,8,2010-01-30 09:30:00,4.35,12544,United Kingdom
536241,85105,SET OF 6 SPICE TINS,3,2010-02-01 14:28:00,9.18,12743,United Kingdom
536242,85101,JUMBO BAG RED,11,2010-02-01 15:12:00,9.32,12665,United Kingdom
536243,85101,JUMBO BAG RED,11,2010-02-01 08:07:00,9.32,12834,Netherlands
536243,85108,RECIPE BOX PANTRY,-1,2010-02-01 08:07:00,10.31,12834,Netherlands
536244,85106,PACK OF 72 CAKE CASES,7,2010-02-01 11:03:00,3.9,12893,United Kingdom
536244,85105,SET OF 6 SPICE TINS,6,2010-02-01 11:03:00,9.18,12893,United Kingdom
536244,85111,WOODLAND CHARLOTTE BAG,5,2010-02-01 11:03:00,9.31,12893,United Kingdom
536244,85104,LUNCH BAG BLACK,2,2010-02-01 11:03:00,5.6,12893,United Kingdom
536245,85102,REGENCY CAKESTAND,10,2010-02-01 08:21:00,4.35,12575,United Kingdom
536246,85105,SET OF 6 SPICE TINS,5,2010-02-01 08:34:00,9.18,12573,United Kingdom
536246,85104,LUNCH BAG BLACK,9,2010-02-01 08:34:00,5.6,12573,United Kingdom
536246,85100,WHITE HANGING HEART,9,2010-02-01 08:34:00,6.3,12573,United Kingdom
536247,85101,JUMBO BAG RED,7,2010-02-01 11:40:00,9.32,12639,Germany
536248,85102,REGENCY CAKESTAND,5,2010-02-01 17:35:00,4.35,12584,United Kingdom
536249,85101,JUMBO BAG RED,4,2010-02-01 16:36:00,9.32,12722,France
536249,85101,JUMBO BAG RED,5,2010-02-01 16:36:00,9.32,12722,France
536249,85111,WOODLAND CHARLOTTE BAG,6,2010-02-01 16:36:00,9.31,12722,France
536249,85102,REGENCY CAKESTAND,1,2010-02-01 16:36:00,4.35,12722,France
536250,85101,JUMBO BAG RED,4,2010-02-01 09:07:00,9.32,12601,United Kingdom
536250,85102,REGENCY CAKESTAND,11,2010-02-01 09:07:00,4.35,12601,United Kingdom
536250,85101,JUMBO BAG RED,8,2010-02-01 09:07:00,9.32,12601,United Kingdom
536251,85102,REGENCY CAKESTAND,2,2010-02-01 09:33:00,4.35,12749,United Kingdom
536251,85100,WHITE HANGING HEART,6,2010-02-01 09:33:00,6.3,12749,United Kingdom
536252,85100,WHITE HANGING HEART,9,2010-02-02 15:16:00,6.3,12605,United Kingdom
536252,85100,WHITE HANGING HEART,1,2010-02-02 15:16:00,6.3,12605,United Kingdom
536253,85100,WHITE HANGING HEART,3,2010-02-02 11:20:00,6.3,12843,United Kingdom
536253,85101,JUMBO BAG RED,1,2010-02-02 11:20:00,9.32,12843,United Kingdom
536253,85110,PAPER CHAIN KIT,2,2010-02-02 11:20:00,5.67,12843,United Kingdom
536253,85101,JUMBO BAG RED,7,2010-02-02 11:20:00,9.32,12843,United Kingdom
536254,85102,REGENCY CAKESTAND,5,2010-02-02 15:08:00,4.35,12824,United Kingdom
536254,85101,JUMBO BAG RED,-1,2010-02-02 15:08:00,9.32,12824,United Kingdom
536254,85103,PARTY BUNTING,4,2010-02-02 15:08:00,11.18,12824,United Kingdom
536254,85108,RECIPE BOX PANTRY,5,2010-02-02 15:08:00,10.31,12824,United Kingdom
536255,85102,REGENCY CAKESTAND,5,2010-02-02 17:31:00,4.35,12731,United Kingdom
536255,85102,REGENCY CAKESTAND,8,2010-02-02 17:31:00,4.35,12731,United Kingdom
536255,85102,REGENCY CAKESTAND,9,2010-02-02 17:31:00,4.35,12731,United Kingdom
536255,85102,REGENCY CAKESTAND,4,2010-02-02 17:31:00,4.35,12731,United Kingdom
536256,85100,WHITE HANGING HEART,3,2010-02-02 10:39:00,6.3,12770,United Kingdom
536256,85104,LUNCH BAG BLACK,4,2010-02-02 10:39:00,5.6,12770,United Kingdom
536256,85100,WHITE HANGING HEART,7,2010-02-02 10:39:00,6.3,12770,United Kingdom
536256,85100,WHITE HANGING HEART,11,2010-02-02 10:39:00,6.3,12770,United Kingdom
536257,85100,WHITE HANGING HEART,7,2010-02-02 10:16:00,6.3,12742,United Kingdom
536257,85110,PAPER CHAIN KIT,7,2010-02-02 10:16:00,5.67,12742,United Kingdom
536258,85104,LUNCH BAG BLACK,6,2010-02-02 12:20:00,5.6,12645,United Kingdom
536258,85100,WHITE HANGING HEART,7,2010-02-02 12:20:00,6.3,12645,United Kingdom
536258,85103,PARTY BUNTING,1,2010-02-02 12:20:00,11.18,12645,United Kingdom
536259,85111,WOODLAND CHARLOTTE BAG,9,2010-02-02 17:30:00,9.31,12900,United Kingdom
536259,85104,LUNCH BAG BLACK,9,2010-02-02 17:30:00,5.6,12900,United Kingdom
536259,85100,WHITE HANGING HEART,3,2010-02-02 17:30:00,6.3,12900,United Kingdom
536259,85111,WOODLAND CHARLOTTE BAG,7,2010-02-02 17:30:00,9.31,12900,United Kingdom
536260,85105,SET OF 6 SPICE TINS,2,2010-02-02 16:16:00,9.18,12512,United Kingdom
536261,85108,RECIPE BOX PANTRY,6,2010-02-02 14:54:00,10.31,12576,United Kingdom
536262,85100,WHITE HANGING HEART,3,2010-02-02 13:58:00,6.3,12705,United Kingdom
536262,85104,LUNCH BAG BLACK,2,2010-02-02 13:58:00,5.6,12705,United Kingdom
536263,85100,WHITE HANGING HEART,9,2010-02-02 09:42:00,6.3,12882,Netherlands
536263,85102,REGENCY CAKESTAND,9,2010-02-02 09:42:00,4.35,12882,Netherlands
536264,85100,WHITE HANGING HEART,8,2010-02-02 10:04:00,6.3,12550,France
536264,85104,LUNCH BAG BLACK,8,2010-02-02 10:04:00,5.6,12550,France
536264,85104,LUNCH BAG BLACK,1,2010-02-02 10:04:00,5.6,12550,France
536264,85101,JUMBO BAG RED,1,2010-02-02 10:04:00,9.32,12550,France
536265,85103,PARTY BUNTING,7,2010-02-02 10:39:00,11.18,12677,United Kingdom
536265,85105,SET OF 6 SPICE TINS,9,2010-02-02 10:39:00,9.18,12677,United Kingdom
536265,85100,WHITE HANGING HEART,6,2010-02-02 10:39:00,6.3,12677,United Kingdom
536266,85101,JUMBO BAG RED,9,2010-02-03 11:05:00,9.32,12532,United Kingdom
536266,85101,JUMBO BAG RED,9,2010-02-03 11:05:00,9.32,12532,United Kingdom
536266,85110,PAPER CHAIN KIT,9,2010-02-03 11:05:00,5.67,12532,United Kingdom
536266,85102,REGENCY CAKESTAND,11,2010-02-03 11:05:00,4.35,12532,United Kingdom
536267,85100,WHITE HANGING HEART,8,2010-02-03 11:00:00,6.3,12832,EIRE
536267,85100,WHITE HANGING HEART,12,2010-02-03 11:00:00,6.3,12832,EIRE
536267,85103,PARTY BUNTING,7,2010-02-03 11:00:00,11.18,12832,EIRE
536267,85102,REGENCY CAKESTAND,12,2010-02-03 11:00:00,4.35,12832,EIRE
536268,85102,REGENCY CAKESTAND,5,2010-02-03 12:00:00,4.35,12518,United Kingdom
536268,85104,LUNCH BAG BLACK,8,2010-02-03 12:00:00,5.6,12518,United Kingdom
536268,85101,JUMBO BAG RED,14,2010-02-03 12:00:00,9.32,12518,United Kingdom
536269,85100,WHITE HANGING HEART,10,2010-02-03 12:16:00,6.3,12730,United Kingdom
536270,85103,PARTY BUNTING,1,2010-02-03 14:43:00,11.18,12600,France
536270,85102,REGENCY CAKESTAND,12,2010-02-03 14:43:00,4.35,12600,France
536270,85106,PACK OF 72 CAKE CASES,7,2010-02-03 14:43:00,3.9,12600,France
536270,85103,PARTY BUNTING,7,2010-02-03 14:43:00,11.18,12600,France
536271,85101,JUMBO BAG RED,3,2010-02-03 13:14:00,9.32,12818,Germany
536271,85101,JUMBO BAG RED,13,2010-02-03 13:14:00,9.32,12818,Germany
536272,85100,WHITE HANGING HEART,9,2010-02-03 10:40:00,6.3,12788,EIRE
536273,85100,WHITE HANGING HEART,7,2010-02-03 08:46:00,6.3,12773,United Kingdom
536274,85102,REGENCY CAKESTAND,2,2010-02-03 09:47:00,4.35,12830,United Kingdom
536274,85101,JUMBO BAG RED,1,2010-02-03 09:47:00,9.32,12830,United Kingdom
536275,85107,JAM MAKING SET,9,2010-02-04 14:28:00,3.67,12541,United Kingdom
536275,85100,WHITE HANGING HEART,3,2010-02-04 14:28:00,6.3,12541,United Kingdom
536275,85101,JUMBO BAG RED,6,2010-02-04 14:28:00,9.32,12541,United Kingdom
536275,85107,JAM MAKING SET,16,2010-02-04 14:28:00,3.67,12541,United Kingdom
536276,85108,RECIPE BOX PANTRY,3,2010-02-04 17:28:00,10.31,12553,United Kingdom
536276,85100,WHITE HANGING HEART,9,2010-02-04 17:28:00,6.3,12553,United Kingdom
536277,85105,SET OF 6 SPICE TINS,1,2010-02-04 15:14:00,9.18,12742,United Kingdom
536277,85100,WHITE HANGING HEART,1,2010-02-04 15:14:00,6.3,12742,United Kingdom
536277,85109,ASSORTED COLOUR BIRD,10,2010-02-04 15:14:00,6.63,12742,United Kingdom
536278,85100,WHITE HANGING HEART,3,2010-02-04 16:10:00,6.3,12839,United Kingdom
536279,85108,RECIPE BOX PANTRY,1,2010-02-04 08:58:00,10.31,12792,United Kingdom
536279,85100,WHITE HANGING HEART,1,2010-02-04 08:58:00,6.3,12792,United Kingdom
536279,85102,REGENCY CAKESTAND,1,2010-02-04 08:58:00,4.35,12792,United Kingdom
536279,85103,PARTY BUNTING,8,2010-02-04 08:58:00,11.18,12792,United Kingdom
536280,85111,WOODLAND CHARLOTTE BAG,7,2010-02-04 14:43:00,9.31,12797,Netherlands
536280,85106,PACK OF 72 CAKE CASES,1,2010-02-04 14:43:00,3.9,12797,Netherlands
536280,85102,REGENCY CAKESTAND,7,2010-02-04 14:43:00,4.35,12797,Netherlands
536280,85100,WHITE HANGING HEART,3,2010-02-04 14:43:00,6.3,12797,Netherlands
536281,85102,REGENCY CAKESTAND,9,2010-02-04 13:22:00,4.35,12619,France
536281,85100,WHITE HANGING HEART,1,2010-02-04 13:22:00,6.3,12619,France
536282,85101,JUMBO BAG RED,10,2010-02-05 09:45:00,9.32,12724,United Kingdom
536282,85104,LUNCH BAG BLACK,4,2010-02-05 09:45:00,5.6,12724,United Kingdom
536283,85108,RECIPE BOX PANTRY,3,2010-02-05 17:05:00,10.31,12813,Germany
536283,85106,PACK OF 72 CAKE CASES,5,2010-02-05 17:05:00,3.9,12813,Germany
536283,85100,WHITE HANGING HEART,1,2010-02-05 17:05:00,6.3,12813,Germany
536284,85101,JUMBO BAG RED,7,2010-02-05 16:39:00,9.32,12601,United Kingdom
536284,85101,JUMBO BAG RED,10,2010-02-05 16:39:00,9.32,12601,United Kingdom
536284,85109,ASSORTED COLOUR BIRD,6,2010-02-05 16:39:00,6.63,12601,United Kingdom
536285,85110,PAPER CHAIN KIT,10,2010-02-05 08:22:00,5.67,12833,United Kingdom
536285,85104,LUNCH BAG BLACK,10,2010-02-05 08:22:00,5.6,12833,United Kingdom
536285,85102,REGENCY CAKESTAND,1,2010-02-05 08:22:00,4.35,12833,United Kingdom
536286,85101,JUMBO BAG RED,1,2010-02-05 10:21:00,9.32,12897,United Kingdom
536286,85101,JUMBO BAG RED,5,2010-02-05 10:21:00,9.32,12897,United Kingdom
536286,85102,REGENCY CAKESTAND,7,2010-02-05 10:21:00,4.35,12897,United Kingdom
536286,85100,WHITE HANGING HEART,1,2010-02-05 10:21:00,6.3,12897,United Kingdom
536287,85107,JAM MAKING SET,7,2010-02-05 12:38:00,3.67,12535,United Kingdom
536287,85101,JUMBO BAG RED,1,2010-02-05 12:38:00,9.32,12535,United Kingdom
536288,85106,PACK OF 72 CAKE CASES,6,2010-02-05 11:51:00,3.9,12803,France
536289,85105,SET OF 6 SPICE TINS,10,2010-02-05 17:04:00,9.18,12604,United Kingdom
536289,85102,REGENCY CAKESTAND,1,2010-02-05 17:04:00,4.35,12604,United Kingdom
536290,85111,WOODLAND CHARLOTTE BAG,1,2010-02-05 09:19:00,9.31,12737,Netherlands
536291,85107,JAM MAKING SET,5,2010-02-06 13:18:00,3.67,12501,United Kingdom
536291,85101,JUMBO BAG RED,8,2010-02-06 13:18:00,9.32,12501,United Kingdom
536291,85103,PARTY BUNTING,6,2010-02-06 13:18:00,11.18,12501,United Kingdom
536292,85102,REGENCY CAKESTAND,11,2010-02-06 14:24:00,4.35,12510,EIRE
536292,85100,WHITE HANGING HEART,1,2010-02-06 14:24:00,6.3,12510,EIRE
536292,85104,LUNCH BAG BLACK,6,2010-02-06 14:24:00,5.6,12510,EIRE
536292,85100,WHITE HANGING HEART,4,2010-02-06 14:24:00,6.3,12510,EIRE
536293,85108,RECIPE BOX PANTRY,11,2010-02-06 14:58:00,10.31,12753,Germany
536293,85105,SET OF 6 SPICE TINS,1,2010-02-06 14:58:00,9.18,12753,Germany
536293,85100,WHITE HANGING HEART,14,2010-02-06 14:58:00,6.3,12753,Germany
536294,85106,PACK OF 72 CAKE CASES,6,2010-02-06 16:13:00,3.9,12595,France
536295,85100,WHITE HANGING HEART,7,2010-02-06 09:25:00,6.3,12524,Germany
536295,85102,REGENCY CAKESTAND,6,2010-02-06 09:25:00,4.35,12524,Germany
536295,85100,WHITE HANGING HEART,11,2010-02-06 09:25:00,6.3,12524,Germany
536296,85101,JUMBO BAG RED,14,2010-02-06 13:03:00,9.32,12571,United Kingdom
536296,85102,REGENCY CAKESTAND,5,2010-02-06 13:03:00,4.35,12571,United Kingdom
536296,85100,WHITE HANGING HEART,1,2010-02-06 13:03:00,6.3,12571,United Kingdom
536297,85100,WHITE HANGING HEART,1,2010-02-06 11:56:00,6.3,12796,United Kingdom
536297,85100,WHITE HANGING HEART,7,2010-02-06 11:56:00,6.3,12796,United Kingdom
536298,85108,RECIPE BOX PANTRY,10,2010-02-06 15:56:00,10.31,12519,EIRE
536298,85100,WHITE HANGING HEART,1,2010-02-06 15:56:00,6.3,12519,EIRE
536298,85100,WHITE HANGING HEART,11,2010-02-06 15:56:00,6.3,12519,EIRE
536298,85105,SET OF 6 SPICE TINS,5,2010-02-06 15:56:00,9.18,12519,EIRE
536299,85101,JUMBO BAG RED,7,2010-02-08 08:35:00,9.32,12628,United Kingdom
536299,85101,JUMBO BAG RED,5,2010-02-08 08:35:00,9.32,12628,United Kingdom
536300,85108,RECIPE BOX PANTRY,6,2010-02-08 08:16:00,10.31,12536,France
536300,85111,WOODLAND CHARLOTTE BAG,7,2010-02-08 08:16:00,9.31,12536,France
536301,85101,JUMBO BAG RED,5,2010-02-08 08:51:00,9.32,12861,United Kingdom
536302,85105,SET OF 6 SPICE TINS,11,2010-02-08 15:04:00,9.18,12772,United Kingdom
536303,85101,JUMBO BAG RED,1,2010-02-08 12:54:00,9.32,12661,France
536303,85102,REGENCY CAKESTAND,9,2010-02-08 12:54:00,4.35,12661,France
536304,85103,PARTY BUNTING,4,2010-02-08 11:42:00,11.18,12559,Germany
536304,85102,REGENCY CAKESTAND,1,2010-02-08 11:42:00,4.35,12559,Germany
536304,85109,ASSORTED COLOUR BIRD,5,2010-02-08 11:42:00,6.63,12559,Germany
536304,85102,REGENCY CAKESTAND,8,2010-02-08 11:42:00,4.35,12559,Germany
536305,85111,WOODLAND CHARLOTTE BAG,4,2010-02-08 14:44:00,9.31,12546,Germany
536306,85111,WOODLAND CHARLOTTE BAG,1,2010-02-08 10:05:00,9.31,12834,United Kingdom
536306,85106,PACK OF 72 CAKE CASES,6,2010-02-08 10:05:00,3.9,12834,United Kingdom
536306,85102,REGENCY CAKESTAND,11,2010-02-08 10:05:00,4.35,12834,United Kingdom
536306,85103,PARTY BUNTING,2,2010-02-08 10:05:00,11.18,12834,United Kingdom
536307,85100,WHITE HANGING HEART,10,2010-02-08 12:02:00,6.3,12528,France
536307,85100,WHITE HANGING HEART,8,2010-02-08 12:02:00,6.3,12528,France
536307,85100,WHITE HANGING HEART,4,2010-02-08 12:02:00,6.3,12528,France
536308,85105,SET OF 6 SPICE TINS,3,2010-02-09 09:02:00,9.18,12503,United Kingdom
536308,85103,PARTY BUNTING,12,2010-02-09 09:02:00,11.18,12503,United Kingdom
536309,85103,PARTY BUNTING,7,2010-02-09 08:46:00,11.18,12747,France
536309,85103,PARTY BUNTING,8,2010-02-09 08:46:00,11.18,12747,France
536309,85101,JUMBO BAG RED,1,2010-02-09 08:46:00,9.32,12747,France
536309,85101,JUMBO BAG RED,4,2010-02-09 08:46:00,9.32,12747,France
536310,85101,JUMBO BAG RED,12,2010-02-09 15:32:00,9.32,12790,United Kingdom
536310,85107,JAM MAKING SET,3,2010-02-09 15:32:00,3.67,12790,United Kingdom
536310,85100,WHITE HANGING HEART,3,2010-02-09 15:32:00,6.3,12790,United Kingdom
536310,85105,SET OF 6 SPICE TINS,1,2010-02-09 15:32:00,9.18,12790,United Kingdom
536311,85103,PARTY BUNTING,6,2010-02-09 17:47:00,11.18,12661,United Kingdom
536311,85106,PACK OF 72 CAKE CASES,5,2010-02-09 17:47:00,3.9,12661,United Kingdom
536311,85101,JUMBO BAG RED,8,2010-02-09 17:47:00,9.32,12661,United Kingdom
536312,85110,PAPER CHAIN KIT,2,2010-02-09 15:17:00,5.67,12631,France
536312,85100,WHITE HANGING HEART,6,2010-02-09 15:17:00,6.3,12631,France
536312,85102,REGENCY CAKESTAND,3,2010-02-09 15:17:00,4.35,12631,France
536313,85105,SET OF 6 SPICE TINS,7,2010-02-09 16:50:00,9.18,12632,France
536314,85103,PARTY BUNTING,3,2010-02-09 10:56:00,11.18,12503,United Kingdom
536314,85100,WHITE HANGING HEART,6,2010-02-09 10:56:00,6.3,12503,United Kingdom
536314,85104,LUNCH BAG BLACK,5,2010-02-09 10:56:00,5.6,12503,United Kingdom
536315,85103,PARTY BUNTING,7,2010-02-09 08:12:00,11.18,12856,United Kingdom
536315,85106,PACK OF 72 CAKE CASES,12,2010-02-09 08:12:00,3.9,12856,United Kingdom
536315,85100,WHITE HANGING HEART,4,2010-02-09 08:12:00,6.3,12856,United Kingdom
536315,85107,JAM MAKING SET,5,2010-02-09 08:12:00,3.67,12856,United Kingdom
536316,85100,WHITE HANGING HEART,1,2010-02-09 15:25:00,6.3,12732,EIRE
536316,85105,SET OF 6 SPICE TINS,11,2010-02-09 15:25:00,9.18,12732,EIRE
536316,85100,WHITE HANGING HEART,4,2010-02-09 15:25:00,6.3,12732,EIRE
536317,85105,SET OF 6 SPICE TINS,5,2010-02-09 13:22:00,9.18,12525,United Kingdom
536318,85101,JUMBO BAG RED,9,2010-02-09 13:11:00,9.32,12809,United Kingdom
536318,85106,PACK OF 72 CAKE CASES,2,2010-02-09 13:11:00,3.9,12809,United Kingdom
536318,85100,WHITE HANGING HEART,5,2010-02-09 13:11:00,6.3,12809,United Kingdom
536319,85106,PACK OF 72 CAKE CASES,4,2010-02-09 09:13:00,3.9,12827,France
536319,85104,LUNCH BAG BLACK,10,2010-02-09 09:13:00,5.6,12827,France
536320,85103,PARTY BUNTING,2,2010-02-09 08:28:00,11.18,12549,Netherlands
536320,85102,REGENCY CAKESTAND,2,2010-02-09 08:28:00,4.35,12549,Netherlands
536320,85101,JUMBO BAG RED,1,2010-02-09 08:28:00,9.32,12549,Netherlands
536321,85103,PARTY BUNTING,5,2010-02-09 17:40:00,11.18,12628,United Kingdom
536321,85102,REGENCY CAKESTAND,2,2010-02-09 17:40:00,4.35,12628,United Kingdom
536322,85101,JUMBO BAG RED,4,2010-02-09 09:17:00,9.32,12557,United Kingdom
536322,85104,LUNCH BAG BLACK,10,2010-02-09 09:17:00,5.6,12557,United Kingdom
536323,85108,RECIPE BOX PANTRY,1,2010-02-10 08:21:00,10.31,12684,France
536323,85102,REGENCY CAKESTAND,3,2010-02-10 08:21:00,4.35,12684,France
536323,85102,REGENCY CAKESTAND,7,2010-02-10 08:21:00,4.35,12684,France
536323,85100,WHITE HANGING HEART,6,2010-02-10 08:21:00,6.3,12684,France
536324,85102,REGENCY CAKESTAND,8,2010-02-10 10:28:00,4.35,12549,United Kingdom
536324,85103,PARTY BUNTING,1,2010-02-10 10:28:00,11.18,12549,United Kingdom
536325,85104,LUNCH BAG BLACK,-1,2010-02-10 17:06:00,5.6,12833,Netherlands
536326,85101,JUMBO BAG RED,1,2010-02-10 17:41:00,9.32,12555,United Kingdom
536326,85106,PACK OF 72 CAKE CASES,1,2010-02-10 17:41:00,3.9,12555,United Kingdom
536327,85102,REGENCY CAKESTAND,11,2010-02-10 11:14:00,4.35,12867,Netherlands
536327,85111,WOODLAND CHARLOTTE BAG,1,2010-02-10 11:14:00,9.31,12867,Netherlands
536327,85101,JUMBO BAG RED,6,2010-02-10 11:14:00,9.32,12867,Netherlands
536328,85104,LUNCH BAG BLACK,9,2010-02-10 14:48:00,5.6,12711,United Kingdom
536329,85100,WHITE HANGING HEART,1,2010-02-10 15:15:00,6.3,12636,United Kingdom
536329,85105,SET OF 6 SPICE TINS,4,2010-02-10 15:15:00,9.18,12636,United Kingdom
536330,85101,JUMBO BAG RED,1,2010-02-10 10:11:00,9.32,12662,United Kingdom
536330,85104,LUNCH BAG BLACK,1,2010-02-10 10:11:00,5.6,12662,United Kingdom
536330,85105,SET OF 6 SPICE TINS,5,2010-02-10 10:11:00,9.18,12662,United Kingdom
536331,85107,JAM MAKING SET,6,2010-02-10 13:48:00,3.67,12648,EIRE
536331,85101,JUMBO BAG RED,-3,2010-02-10 13:48:00,9.32,12648,EIRE
536332,85107,JAM MAKING SET,12,2010-02-10 08:52:00,3.67,12799,United Kingdom
536332,85100,WHITE HANGING HEART,7,2010-02-10 08:52:00,6.3,12799,United Kingdom
536332,85100,WHITE HANGING HEART,6,2010-02-10 08:52:00,6.3,12799,United Kingdom
536333,85107,JAM MAKING SET,7,2010-02-10 11:23:00,3.67,12864,United Kingdom
536334,85104,LUNCH BAG BLACK,9,2010-02-10 13:10:00,5.6,12528,United Kingdom
536334,85104,LUNCH BAG BLACK,8,2010-02-10 13:10:00,5.6,12528,United Kingdom
536335,85105,SET OF 6 SPICE TINS,5,2010-02-10 11:08:00,9.18,12668,United Kingdom
536335,85107,JAM MAKING SET,4,2010-02-10 11:08:00,3.67,12668,United Kingdom
536336,85103,PARTY BUNTING,8,2010-02-10 10:52:00,11.18,12615,United Kingdom
536336,85100,WHITE HANGING HEART,8,2010-02-10 10:52:00,6.3,12615,United Kingdom
536336,85103,PARTY BUNTING,11,2010-02-10 10:52:00,11.18,12615,United Kingdom
536337,85102,REGENCY CAKESTAND,8,2010-02-11 14:06:00,4.35,12750,United Kingdom
536337,85102,REGENCY CAKESTAND,7,2010-02-11 14:06:00,4.35,12750,United Kingdom
536337,85105,SET OF 6 SPICE TINS,3,2010-02-11 14:06:00,9.18,12750,United Kingdom
536338,85102,REGENCY CAKESTAND,4,2010-02-11 16:05:00,4.35,12632,EIRE
536338,85102,REGENCY CAKESTAND,4,2010-02-11 16:05:00,4.35,12632,EIRE
536339,85101,JUMBO BAG RED,1,2010-02-11 13:28:00,9.32,12873,United Kingdom
536339,85103,PARTY BUNTING,6,2010-02-11 13:28:00,11.18,12873,United Kingdom
536339,85100,WHITE HANGING HEART,14,2010-02-11 13:28:00,6.3,12873,United Kingdom
536340,85108,RECIPE BOX PANTRY,2,2010-02-11 13:43:00,10.31,12692,Germany
536340,85102,REGENCY CAKESTAND,1,2010-02-11 13:43:00,4.35,12692,Germany
536340,85108,RECIPE BOX PANTRY,1,2010-02-11 13:43:00,10.31,12692,Germany
536341,85101,JUMBO BAG RED,9,2010-02-11 17:47:00,9.32,12705,United Kingdom
536341,85102,REGENCY CAKESTAND,8,2010-02-11 17:47:00,4.35,12705,United Kingdom
536341,85104,LUNCH BAG BLACK,-2,2010-02-11 17:47:00,5.6,12705,United Kingdom
536341,85102,REGENCY CAKESTAND,7,2010-02-11 17:47:00,4.35,12705,United Kingdom
536342,85101,JUMBO BAG RED,5,2010-02-11 15:20:00,9.32,12709,Netherlands
536342,85100,WHITE HANGING HEART,13,2010-02-11 15:20:00,6.3,12709,Netherlands
536342,85101,JUMBO BAG RED,4,2010-02-11 15:20:00,9.32,12709,Netherlands
536343,85104,LUNCH BAG BLACK,3,2010-02-11 11:51:00,5.6,12793,United Kingdom
536344,85103,PARTY BUNTING,6,2010-02-11 14:57:00,11.18,12693,United Kingdom
536344,85101,JUMBO BAG RED,13,2010-02-11 14:57:00,9.32,12693,United Kingdom
536344,85101,JUMBO BAG RED,5,2010-02-11 14:57:00,9.32,12693,United Kingdom
536345,85101,JUMBO BAG RED,10,2010-02-11 08:12:00,9.32,12581,United Kingdom
536345,85103,PARTY BUNTING,7,2010-02-11 08:12:00,11.18,12581,United Kingdom
536346,85103,PARTY BUNTING,6,2010-02-11 11:54:00,11.18,12663,United Kingdom
536347,85108,RECIPE BOX PANTRY,12,2010-02-11 16:39:00,10.31,12867,United Kingdom
536347,85102,REGENCY CAKESTAND,4,2010-02-11 16:39:00,4.35,12867,United Kingdom
536347,85104,LUNCH BAG BLACK,9,2010-02-11 16:39:00,5.6,12867,United Kingdom
536348,85102,REGENCY CAKESTAND,5,2010-02-11 15:26:00,4.35,12595,Germany
536348,85104,LUNCH BAG BLACK,10,2010-02-11 15:26:00,5.6,12595,Germany
536348,85100,WHITE HANGING HEART,6,2010-02-11 15:26:00,6.3,12595,Germany
536349,85100,WHITE HANGING HEART,5,2010-02-11 09:45:00,6.3,12701,EIRE
536349,85102,REGENCY CAKESTAND,1,2010-02-11 09:45:00,4.35,12701,EIRE
536349,85100,WHITE HANGING HEART,7,2010-02-11 09:45:00,6.3,12701,EIRE
536350,85101,JUMBO BAG RED,2,2010-02-11 08:38:00,9.32,12719,United Kingdom
536350,85100,WHITE HANGING HEART,2,2010-02-11 08:38:00,6.3,12719,United Kingdom
536351,85103,PARTY BUNTING,3,2010-02-12 15:50:00,11.18,12791,United Kingdom
536351,85108,RECIPE BOX PANTRY,6,2010-02-12 15:50:00,10.31,12791,United Kingdom
536352,85100,WHITE HANGING HEART,5,2010-02-12 17:37:00,6.3,12758,Netherlands
536353,85101,JUMBO BAG RED,3,2010-02-12 11:18:00,9.32,12739,United Kingdom
536353,85103,PARTY BUNTING,1,2010-02-12 11:18:00,11.18,12739,United Kingdom
536354,85101,JUMBO BAG RED,1,2010-02-12 12:15:00,9.32,12708,Netherlands
536354,85103,PARTY BUNTING,5,2010-02-12 12:15:00,11.18,12708,Netherlands
536354,85102,REGENCY CAKESTAND,7,2010-02-12 12:15:00,4.35,12708,Netherlands
536355,85105,SET OF 6 SPICE TINS,6,2010-02-12 09:06:00,9.18,12616,France
536356,85100,WHITE HANGING HEART,6,2010-02-12 10:26:00,6.3,12786,Germany
536356,85101,JUMBO BAG RED,5,2010-02-12 10:26:00,9.32,12786,Germany
536356,85110,PAPER CHAIN KIT,2,2010-02-12 10:26:00,5.67,12786,Germany
536357,85100,WHITE HANGING HEART,10,2010-02-12 13:49:00,6.3,12509,Netherlands
536358,85101,JUMBO BAG RED,2,2010-02-12 12:02:00,9.32,12684,United Kingdom
536358,85105,SET OF 6 SPICE TINS,5,2010-02-12 12:02:00,9.18,12684,United Kingdom
536359,85100,WHITE HANGING HEART,3,2010-02-12 13:19:00,6.3,12837,Netherlands
536359,85102,REGENCY CAKESTAND,1,2010-02-12 13:19:00,4.35,12837,Netherlands
536359,85109,ASSORTED COLOUR BIRD,3,2010-02-12 13:19:00,6.63,12837,Netherlands
536360,85100,WHITE HANGING HEART,13,2010-02-12 15:34:00,6.3,12586,United Kingdom
536360,85107,JAM MAKING SET,2,2010-02-12 15:34:00,3.67,12586,United Kingdom
536360,85101,JUMBO BAG RED,2,2010-02-12 15:34:00,9.32,12586,United Kingdom
536361,85105,SET OF 6 SPICE TINS,2,2010-02-12 11:20:00,9.18,12698,United Kingdom
536362,85100,WHITE HANGING HEART,-1,2010-02-12 09:00:00,6.3,12602,United Kingdom
536362,85104,LUNCH BAG BLACK,9,2010-02-12 09:00:00,5.6,12602,United Kingdom
536362,85108,RECIPE BOX PANTRY,3,2010-02-12 09:00:00,10.31,12602,United Kingdom
536362,85101,JUMBO BAG RED,2,2010-02-12 09:00:00,9.32,12602,United Kingdom
536363,85105,SET OF 6 SPICE TINS,-2,2010-02-12 15:30:00,9.18,12897,United Kingdom
536363,85107,JAM MAKING SET,7,2010-02-12 15:30:00,3.67,12897,United Kingdom
536363,85107,JAM MAKING SET,1,2010-02-12 15:30:00,3.67,12897,United Kingdom
536363,85103,PARTY BUNTING,1,2010-02-12 15:30:00,11.18,12897,United Kingdom
536364,85101,JUMBO BAG RED,-1,2010-02-13 16:47:00,9.32,12590,United Kingdom
536364,85104,LUNCH BAG BLACK,6,2010-02-13 16:47:00,5.6,12590,United Kingdom
536364,85104,LUNCH BAG BLACK,1,2010-02-13 16:47:00,5.6,12590,United Kingdom
536365,85101,JUMBO BAG RED,1,2010-02-13 17:04:00,9.32,12511,United Kingdom
536366,85102,REGENCY CAKESTAND,12,2010-02-13 13:44:00,4.35,12816,Germany
536367,85103,PARTY BUNTING,2,2010-02-13 14:32:00,11.18,12849,United Kingdom
536367,85108,RECIPE BOX PANTRY,6,2010-02-13 14:32:00,10.31,12849,United Kingdom
536367,85100,WHITE HANGING HEART,10,2010-02-13 14:32:00,6.3,12849,United Kingdom
536367,85102,REGENCY CAKESTAND,1,2010-02-13 14:32:00,4.35,12849,United Kingdom
536368,85107,JAM MAKING SET,3,2010-02-13 11:21:00,3.67,12536,United Kingdom
536368,85106,PACK OF 72 CAKE CASES,8,2010-02-13 11:21:00,3.9,12536,United Kingdom
536369,85110,PAPER CHAIN KIT,4,2010-02-13 10:59:00,5.67,12563,United Kingdom
536370,85100,WHITE HANGING HEART,6,2010-02-13 13:17:00,6.3,12605,United Kingdom
536370,85106,PACK OF 72 CAKE CASES,8,2010-02-13 13:17:00,3.9,12605,United Kingdom
536370,85100,WHITE HANGING HEART,-1,2010-02-13 13:17:00,6.3,12605,United Kingdom
536371,85102,REGENCY CAKESTAND,5,2010-02-13 09:23:00,4.35,12502,United Kingdom
536371,85111,WOODLAND CHARLOTTE BAG,8,2010-02-13 09:23:00,9.31,12502,United Kingdom
536372,85104,LUNCH BAG BLACK,3,2010-02-13 17:30:00,5.6,12649,United Kingdom
536372,85100,WHITE HANGING HEART,7,2010-02-13 17:30:00,6.3,12649,United Kingdom
536372,85100,WHITE HANGING HEART,6,2010-02-13 17:30:00,6.3,12649,United Kingdom
536372,85109,ASSORTED COLOUR BIRD,9,2010-02-13 17:30:00,6.63,12649,United Kingdom
536373,85107,JAM MAKING SET,1,2010-02-15 16:49:00,3.67,12697,United Kingdom
536373,85101,JUMBO BAG RED,1,2010-02-15 16:49:00,9.32,12697,United Kingdom
536373,85103,PARTY BUNTING,11,2010-02-15 16:49:00,11.18,12697,United Kingdom
536373,85100,WHITE HANGING HEART,1,2010-02-15 16:49:00,6.3,12697,United Kingdom
536374,85110,PAPER CHAIN KIT,5,2010-02-15 17:19:00,5.67,12681,United Kingdom
536374,85100,WHITE HANGING HEART,6,2010-02-15 17:19:00,6.3,12681,United Kingdom
536374,85102,REGENCY CAKESTAND,4,2010-02-15 17:19:00,4.35,12681,United Kingdom
536375,85106,PACK OF 72 CAKE CASES,4,2010-02-15 09:10:00,3.9,12601,EIRE
536376,85102,REGENCY CAKESTAND,1,2010-02-15 15:35:00,4.35,12884,EIRE
536376,85102,REGENCY CAKESTAND,2,2010-02-15 15:35:00,4.35,12884,EIRE
536376,85104,LUNCH BAG BLACK,5,2010-02-15 15:35:00,5.6,12884,EIRE
536376,85100,WHITE HANGING HEART,4,2010-02-15 15:35:00,6.3,12884,EIRE
536377,85102,REGENCY CAKESTAND,1,2010-02-15 17:51:00,4.35,12856,United Kingdom
536377,85106,PACK OF 72 CAKE CASES,8,2010-02-15 17:51:00,3.9,12856,United Kingdom
536378,85106,PACK OF 72 CAKE CASES,1,2010-02-15 11:58:00,3.9,12642,United Kingdom
536378,85111,WOODLAND CHARLOTTE BAG,-2,2010-02-15 11:58:00,9.31,12642,United Kingdom
536379,85106,PACK OF 72 CAKE CASES,4,2010-02-15 11:43:00,3.9,12900,United Kingdom
536379,85106,PACK OF 72 CAKE CASES,4,2010-02-15 11:43:00,3.9,12900,United Kingdom
536379,85105,SET OF 6 SPICE TINS,2,2010-02-15 11:43:00,9.18,12900,United Kingdom
536380,85111,WOODLAND CHARLOTTE BAG,9,2010-02-16 08:04:00,9.31,12798,United Kingdom
536381,85105,SET OF 6 SPICE TINS,2,2010-02-16 14:59:00,9.18,12631,United Kingdom
536382,85103,PARTY BUNTING,6,2010-02-16 08:14:00,11.18,12515,United Kingdom
536382,85100,WHITE HANGING HEART,8,2010-02-16 08:14:00,6.3,12515,United Kingdom
536382,85102,REGENCY CAKESTAND,5,2010-02-16 08:14:00,4.35,12515,United Kingdom
536382,85103,PARTY BUNTING,5,2010-02-16 08:14:00,11.18,12515,United Kingdom
536383,85100,WHITE HANGING HEART,-1,2010-02-16 13:43:00,6.3,12609,United Kingdom
536383,85104,LUNCH BAG BLACK,1,2010-02-16 13:43:00,5.6,12609,United Kingdom
536383,85102,REGENCY CAKESTAND,8,2010-02-16 13:43:00,4.35,12609,United Kingdom
536383,85101,JUMBO BAG RED,13,2010-02-16 13:43:00,9.32,12609,United Kingdom
536384,85100,WHITE HANGING HEART,13,2010-02-16 11:37:00,6.3,12667,United Kingdom
536384,85101,JUMBO BAG RED,3,2010-02-16 11:37:00,9.32,12667,United Kingdom
536384,85101,JUMBO BAG RED,7,2010-02-16 11:37:00,9.32,12667,United Kingdom
536384,85108,RECIPE BOX PANTRY,1,2010-02-16 11:37:00,10.31,12667,United Kingdom
536385,85109,ASSORTED COLOUR BIRD,2,2010-02-16 14:53:00,6.63,12858,EIRE
536386,85106,PACK OF 72 CAKE CASES,8,2010-02-16 15:44:00,3.9,12690,United Kingdom
536386,85100,WHITE HANGING HEART,10,2010-02-16 15:44:00,6.3,12690,United Kingdom
536386,85110,PAPER CHAIN KIT,3,2010-02-16 15:44:00,5.67,12690,United Kingdom
536386,85102,REGENCY CAKESTAND,9,2010-02-16 15:44:00,4.35,12690,United Kingdom
536387,85102,REGENCY CAKESTAND,6,2010-02-16 12:18:00,4.35,12670,United Kingdom
536387,85104,LUNCH BAG BLACK,4,2010-02-16 12:18:00,5.6,12670,United Kingdom
536388,85102,REGENCY CAKESTAND,9,2010-02-16 12:12:00,4.35,12605,United Kingdom
536388,85107,JAM MAKING SET,5,2010-02-16 12:12:00,3.67,12605,United Kingdom
536389,85100,WHITE HANGING HEART,3,2010-02-16 09:31:00,6.3,12768,France
536389,85105,SET OF 6 SPICE TINS,1,2010-02-16 09:31:00,9.18,12768,France
536389,85103,PARTY BUNTING,9,2010-02-16 09:31:00,11.18,12768,France
536389,85111,WOODLAND CHARLOTTE BAG,1,2010-02-16 09:31:00,9.31,12768,France
536390,85102,REGENCY CAKESTAND,6,2010-02-17 09:59:00,4.35,12755,United Kingdom
536391,85103,PARTY BUNTING,1,2010-02-17 14:27:00,11.18,12792,United Kingdom
536391,85105,SET OF 6 SPICE TINS,8,2010-02-17 14:27:00,9.18,12792,United Kingdom
536391,85103,PARTY BUNTING,6,2010-02-17 14:27:00,11.18,12792,United Kingdom
536392,85105,SET OF 6 SPICE TINS,6,2010-02-17 14:25:00,9.18,12666,United Kingdom
536392,85105,SET OF 6 SPICE TINS,6,2010-02-17 14:25:00,9.18,12666,United Kingdom
536392,85102,REGENCY CAKESTAND,9,2010-02-17 14:25:00,4.35,12666,United Kingdom
536392,85101,JUMBO BAG RED,5,2010-02-17 14:25:00,9.32,12666,United Kingdom
536393,85100,WHITE HANGING HEART,1,2010-02-17 11:36:00,6.3,12717,United Kingdom
536393,85101,JUMBO BAG RED,11,2010-02-17 11:36:00,9.32,12717,United Kingdom
536393,85101,JUMBO BAG RED,5,2010-02-17 11:36:00,9.32,12717,United Kingdom
536393,85101,JUMBO BAG RED,8,2010-02-17 11:36:00,9.32,12717,United Kingdom
536394,85106,PACK OF 72 CAKE CASES,8,2010-02-17 17:06:00,3.9,12742,United Kingdom
536395,85100,WHITE HANGING HEART,9,2010-02-17 10:15:00,6.3,12890,United Kingdom
536395,85101,JUMBO BAG RED,5,2010-02-17 10:15:00,9.32,12890,United Kingdom
536396,85103,PARTY BUNTING,5,2010-02-17 09:30:00,11.18,12610,United Kingdom
536396,85105,SET OF 6 SPICE TINS,6,2010-02-17 09:30:00,9.18,12610,United Kingdom
536396,85100,WHITE HANGING HEART,6,2010-02-17 09:30:00,6.3,12610,United Kingdom
536396,85103,PARTY BUNTING,1,2010-02-17 09:30:00,11.18,12610,United Kingdom
536397,85109,ASSORTED COLOUR BIRD,3,2010-02-17 12:34:00,6.63,12590,Netherlands
536398,85102,REGENCY CAKESTAND,7,2010-02-17 12:21:00,4.35,12891,United Kingdom
536398,85100,WHITE HANGING HEART,5,2010-02-17 12:21:00,6.3,12891,United Kingdom
536398,85101,JUMBO BAG RED,1,2010-02-17 12:21:00,9.32,12891,United Kingdom
536399,85100,WHITE HANGING HEART,7,2010-02-17 12:11:00,6.3,12830,United Kingdom
536399,85101,JUMBO BAG RED,4,2010-02-17 12:11:00,9.32,12830,United Kingdom
536400,85101,JUMBO BAG RED,6,2010-02-17 17:35:00,9.32,12547,EIRE
536400,85105,SET OF 6 SPICE TINS,10,2010-02-17 17:35:00,9.18,12547,EIRE
536400,85101,JUMBO BAG RED,5,2010-02-17 17:35:00,9.32,12547,EIRE
536401,85103,PARTY BUNTING,7,2010-02-17 08:47:00,11.18,12529,United Kingdom
536401,85102,REGENCY CAKESTAND,12,2010-02-17 08:47:00,4.35,12529,United Kingdom
536401,85102,REGENCY CAKESTAND,6,2010-02-17 08:47:00,4.35,12529,United Kingdom
536402,85109,ASSORTED COLOUR BIRD,6,2010-02-17 09:30:00,6.63,12531,United Kingdom
536403,85100,WHITE HANGING HEART,7,2010-02-18 12:20:00,6.3,12571,United Kingdom
536404,85106,PACK OF 72 CAKE CASES,12,2010-02-18 09:08:00,3.9,12539,United Kingdom
536405,85111,WOODLAND CHARLOTTE BAG,3,2010-02-18 08:43:00,9.31,12755,United Kingdom
536406,85102,REGENCY CAKESTAND,5,2010-02-18 15:02:00,4.35,12633,United Kingdom
536407,85101,JUMBO BAG RED,4,2010-02-18 13:23:00,9.32,12862,EIRE
536408,85111,WOODLAND CHARLOTTE BAG,4,2010-02-18 15:28:00,9.31,12832,Germany
536408,85111,WOODLAND CHARLOTTE BAG,1,2010-02-18 15:28:00,9.31,12832,Germany
536409,85104,LUNCH BAG BLACK,6,2010-02-18 13:48:00,5.6,12704,EIRE
536410,85100,WHITE HANGING HEART,7,2010-02-18 15:58:00,6.3,12654,Netherlands
536410,85107,JAM MAKING SET,3,2010-02-18 15:58:00,3.67,12654,Netherlands
536410,85103,PARTY BUNTING,12,2010-02-18 15:58:00,11.18,12654,Netherlands
536410,85105,SET OF 6 SPICE TINS,5,2010-02-18 15:58:00,9.18,12654,Netherlands
536411,85107,JAM MAKING SET,11,2010-02-18 11:19:00,3.67,12588,United Kingdom
536412,85100,WHITE HANGING HEART,5,2010-02-18 08:30:00,6.3,12619,United Kingdom
536413,85100,WHITE HANGING HEART,5,2010-02-18 10:40:00,6.3,12512,United Kingdom
536414,85105,SET OF 6 SPICE TINS,5,2010-02-18 17:10:00,9.18,12623,France
536414,85103,PARTY BUNTING,2,2010-02-18 17:10:00,11.18,12623,France
536415,85108,RECIPE BOX PANTRY,7,2010-02-18 15:55:00,10.31,12588,Germany
536415,85101,JUMBO BAG RED,10,2010-02-18 15:55:00,9.32,12588,Germany
536416,85100,WHITE HANGING HEART,4,2010-02-18 15:49:00,6.3,12714,EIRE
536416,85101,JUMBO BAG RED,10,2010-02-18 15:49:00,9.32,12714,EIRE
536417,85101,JUMBO BAG RED,6,2010-02-19 16:04:00,9.32,12630,United Kingdom
536418,85107,JAM MAKING SET,9,2010-02-19 16:17:00,3.67,12806,United Kingdom
536418,85102,REGENCY CAKESTAND,3,2010-02-19 16:17:00,4.35,12806,United Kingdom
536418,85100,WHITE HANGING HEART,1,2010-02-19 16:17:00,6.3,12806,United Kingdom
536419,85100,WHITE HANGING HEART,6,2010-02-19 13:26:00,6.3,12747,United Kingdom
536419,85100,WHITE HANGING HEART,5,2010-02-19 13:26:00,6.3,12747,United Kingdom
536420,85100,WHITE HANGING HEART,4,2010-02-19 15:19:00,6.3,12879,EIRE
536420,85104,LUNCH BAG BLACK,8,2010-02-19 15:19:00,5.6,12879,EIRE
536420,85104,LUNCH BAG BLACK,12,2010-02-19 15:19:00,5.6,12879,EIRE
536420,85101,JUMBO BAG RED,6,2010-02-19 15:19:00,9.32,12879,EIRE
536421,85101,JUMBO BAG RED,9,2010-02-19 08:09:00,9.32,12818,Germany
536421,85102,REGENCY CAKESTAND,8,2010-02-19 08:09:00,4.35,12818,Germany
536421,85106,PACK OF 72 CAKE CASES,4,2010-02-19 08:09:00,3.9,12818,Germany
536421,85106,PACK OF 72 CAKE CASES,7,2010-02-19 08:09:00,3.9,12818,Germany
536422,85100,WHITE HANGING HEART,8,2010-02-19 11:12:00,6.3,12508,United Kingdom
536422,85102,REGENCY CAKESTAND,12,2010-02-19 11:12:00,4.35,12508,United Kingdom
536422,85101,JUMBO BAG RED,5,2010-02-19 11:12:00,9.32,12508,United Kingdom
536423,85110,PAPER CHAIN KIT,10,2010-02-19 10:22:00,5.67,12569,Germany
536424,85101,JUMBO BAG RED,1,2010-02-19 14:08:00,9.32,12837,United Kingdom
536424,85101,JUMBO BAG RED,5,2010-02-19 14:08:00,9.32,12837,United Kingdom
536424,85110,PAPER CHAIN KIT,1,2010-02-19 14:08:00,5.67,12837,United Kingdom
536424,85100,WHITE HANGING HEART,1,2010-02-19 14:08:00,6.3,12837,United Kingdom
536425,85108,RECIPE BOX PANTRY,12,2010-02-19 11:52:00,10.31,12781,United Kingdom
536426,85104,LUNCH BAG BLACK,10,2010-02-19 17:35:00,5.6,12579,Germany
536426,85101,JUMBO BAG RED,8,2010-02-19 17:35:00,9.32,12579,Germany
536427,85106,PACK OF 72 CAKE CASES,4,2010-02-19 12:15:00,3.9,12519,Germany
536427,85100,WHITE HANGING HEART,3,2010-02-19 12:15:00,6.3,12519,Germany
536428,85102,REGENCY CAKESTAND,5,2010-02-19 17:00:00,4.35,12506,France
536428,85111,WOODLAND CHARLOTTE BAG,12,2010-02-19 17:00:00,9.31,12506,France
536428,85100,WHITE HANGING HEART,5,2010-02-19 17:00:00,6.3,12506,France
536428,85102,REGENCY CAKESTAND,5,2010-02-19 17:00:00,4.35,12506,France
536429,85103,PARTY BUNTING,9,2010-02-19 17:58:00,11.18,12559,United Kingdom
536429,85101,JUMBO BAG RED,1,2010-02-19 17:58:00,9.32,12559,United Kingdom
536429,85108,RECIPE BOX PANTRY,3,2010-02-19 17:58:00,10.31,12559,United Kingdom
536430,85101,JUMBO BAG RED,11,2010-02-19 11:38:00,9.32,12590,United Kingdom
536430,85101,JUMBO BAG RED,1,2010-02-19 11:38:00,9.32,12590,United Kingdom
536430,85100,WHITE HANGING HEART,1,2010-02-19 11:38:00,6.3,12590,United Kingdom
536431,85100,WHITE HANGING HEART,1,2010-02-20 14:06:00,6.3,12639,United Kingdom
536432,85110,PAPER CHAIN KIT,11,2010-02-20 15:17:00,5.67,12767,United Kingdom
536432,85101,JUMBO BAG RED,6,2010-02-20 15:17:00,9.32,12767,United Kingdom
536432,85100,WHITE HANGING HEART,4,2010-02-20 15:17:00,6.3,12767,United Kingdom
536432,85101,JUMBO BAG RED,8,2010-02-20 15:17:00,9.32,12767,United Kingdom
536433,85105,SET OF 6 SPICE TINS,6,2010-02-20 16:34:00,9.18,12747,United Kingdom
536433,85100,WHITE HANGING HEART,10,2010-02-20 16:34:00,6.3,12747,United Kingdom
536433,85102,REGENCY CAKESTAND,7,2010-02-20 16:34:00,4.35,12747,United Kingdom
536433,85101,JUMBO BAG RED,10,2010-02-20 16:34:00,9.32,12747,United Kingdom
536434,85103,PARTY BUNTING,-3,2010-02-20 13:35:00,11.18,12684,United Kingdom
536434,85104,LUNCH BAG BLACK,2,2010-02-20 13:35:00,5.6,12684,United Kingdom
536434,85102,REGENCY CAKESTAND,4,2010-02-20 13:35:00,4.35,12684,United Kingdom
536434,85106,PACK OF 72 CAKE CASES,1,2010-02-20 13:35:00,3.9,12684,United Kingdom
536435,85102,REGENCY CAKESTAND,6,2010-02-20 13:50:00,4.35,12548,France
536435,85104,LUNCH BAG BLACK,5,2010-02-20 13:50:00,5.6,12548,France
536435,85107,JAM MAKING SET,1,2010-02-20 13:50:00,3.67,12548,France
536435,85101,JUMBO BAG RED,5,2010-02-20 13:50:00,9.32,12548,France
536436,85108,RECIPE BOX PANTRY,9,2010-02-20 10:42:00,10.31,12545,United Kingdom
536437,85104,LUNCH BAG BLACK,5,2010-02-22 16:03:00,5.6,12770,United Kingdom
536437,85108,RECIPE BOX PANTRY,6,2010-02-22 16:03:00,10.31,12770,United Kingdom
536437,85100,WHITE HANGING HEART,8,2010-02-22 16:03:00,6.3,12770,United Kingdom
536437,85101,JUMBO BAG RED,9,2010-02-22 16:03:00,9.32,12770,United Kingdom
536438,85100,WHITE HANGING HEART,3,2010-02-22 08:51:00,6.3,12788,France
536439,85105,SET OF 6 SPICE TINS,9,2010-02-22 12:40:00,9.18,12725,Germany
536439,85105,SET OF 6 SPICE TINS,11,2010-02-22 12:40:00,9.18,12725,Germany
536439,85101,JUMBO BAG RED,2,2010-02-22 12:40:00,9.32,12725,Germany
536439,85108,RECIPE BOX PANTRY,5,2010-02-22 12:40:00,10.31,12725,Germany
536440,85101,JUMBO BAG RED,5,2010-02-22 14:19:00,9.32,12535,United Kingdom
536441,85101,JUMBO BAG RED,4,2010-02-22 12:37:00,9.32,12579,United Kingdom
536441,85104,LUNCH BAG BLACK,11,2010-02-22 12:37:00,5.6,12579,United Kingdom
536442,85100,WHITE HANGING HEART,8,2010-02-22 17:23:00,6.3,12842,United Kingdom
536442,85102,REGENCY CAKESTAND,12,2010-02-22 17:23:00,4.35,12842,United Kingdom
536442,85100,WHITE HANGING HEART,6,2010-02-22 17:23:00,6.3,12842,United Kingdom
536442,85100,WHITE HANGING HEART,8,2010-02-22 17:23:00,6.3,12842,United Kingdom
536443,85105,SET OF 6 SPICE TINS,12,2010-02-22 16:41:00,9.18,12632,United Kingdom
536443,85100,WHITE HANGING HEART,6,2010-02-22 16:41:00,6.3,12632,United Kingdom
536444,85103,PARTY BUNTING,-2,2010-02-22 09:46:00,11.18,12798,United Kingdom
536444,85107,JAM MAKING SET,2,2010-02-22 09:46:00,3.67,12798,United Kingdom
536444,85103,PARTY BUNTING,12,2010-02-22 09:46:00,11.18,12798,United Kingdom
536445,85101,JUMBO BAG RED,7,2010-02-22 09:22:00,9.32,12871,United Kingdom
536445,85107,JAM MAKING SET,1,2010-02-22 09:22:00,3.67,12871,United Kingdom
536446,85106,PACK OF 72 CAKE CASES,10,2010-02-22 14:50:00,3.9,12834,France
536446,85107,JAM MAKING SET,4,2010-02-22 14:50:00,3.67,12834,France
536446,85100,WHITE HANGING HEART,2,2010-02-22 14:50:00,6.3,12834,France
536446,85105,SET OF 6 SPICE TINS,9,2010-02-22 14:50:00,9.18,12834,France
536447,85105,SET OF 6 SPICE TINS,6,2010-02-22 11:48:00,9.18,12804,United Kingdom
536447,85107,JAM MAKING SET,1,2010-02-22 11:48:00,3.67,12804,United Kingdom
536448,85101,JUMBO BAG RED,1,2010-02-22 13:18:00,9.32,12831,United Kingdom
536448,85103,PARTY BUNTING,8,2010-02-22 13:18:00,11.18,12831,United Kingdom
536448,85100,WHITE HANGING HEART,-2,2010-02-22 13:18:00,6.3,12831,United Kingdom
536448,85102,REGENCY CAKESTAND,12,2010-02-22 13:18:00,4.35,12831,United Kingdom
536449,85103,PARTY BUNTING,6,2010-02-23 17:29:00,11.18,12705,Germany
536450,85109,ASSORTED COLOUR BIRD,9,2010-02-23 08:55:00,6.63,12712,France
536450,85100,WHITE HANGING HEART,1,2010-02-23 08:55:00,6.3,12712,France
536451,85104,LUNCH BAG BLACK,6,2010-02-23 08:44:00,5.6,12615,United Kingdom
536451,85100,WHITE HANGING HEART,5,2010-02-23 08:44:00,6.3,12615,United Kingdom
536451,85102,REGENCY CAKESTAND,1,2010-02-23 08:44:00,4.35,12615,United Kingdom
536451,85103,PARTY BUNTING,3,2010-02-23 08:44:00,11.18,12615,United Kingdom
536452,85101,JUMBO BAG RED,1,2010-02-23 08:58:00,9.32,12820,France
536452,85109,ASSORTED COLOUR BIRD,6,2010-02-23 08:58:00,6.63,12820,France
536452,85108,RECIPE BOX PANTRY,14,2010-02-23 08:58:00,10.31,12820,France
536453,85100,WHITE HANGING HEART,5,2010-02-23 12:02:00,6.3,12538,EIRE
536453,85100,WHITE HANGING HEART,7,2010-02-23 12:02:00,6.3,12538,EIRE
536453,85100,WHITE HANGING HEART,5,2010-02-23 12:02:00,6.3,12538,EIRE
536454,85100,WHITE HANGING HEART,7,2010-02-23 16:12:00,6.3,12592,United Kingdom
536454,85106,PACK OF 72 CAKE CASES,5,2010-02-23 16:12:00,3.9,12592,United Kingdom
536454,85111,WOODLAND CHARLOTTE BAG,10,2010-02-23 16:12:00,9.31,12592,United Kingdom
536455,85104,LUNCH BAG BLACK,4,2010-02-23 14:20:00,5.6,12584,United Kingdom
536455,85103,PARTY BUNTING,6,2010-02-23 14:20:00,11.18,12584,United Kingdom
536455,85106,PACK OF 72 CAKE CASES,4,2010-02-23 14:20:00,3.9,12584,United Kingdom
536455,85100,WHITE HANGING HEART,7,2010-02-23 14:20:00,6.3,12584,United Kingdom
536456,85108,RECIPE BOX PANTRY,9,2010-02-24 13:17:00,10.31,12639,United Kingdom
536456,85105,SET OF 6 SPICE TINS,1,2010-02-24 13:17:00,9.18,12639,United Kingdom
536456,85100,WHITE HANGING HEART,4,2010-02-24 13:17:00,6.3,12639,United Kingdom
536456,85107,JAM MAKING SET,2,2010-02-24 13:17:00,3.67,12639,United Kingdom
536457,85103,PARTY BUNTING,5,2010-02-24 17:41:00,11.18,12857,Germany
536457,85103,PARTY BUNTING,4,2010-02-24 17:41:00,11.18,12857,Germany
536457,85101,JUMBO BAG RED,10,2010-02-24 17:41:00,9.32,12857,Germany
536458,85100,WHITE HANGING HEART,1,2010-02-24 17:00:00,6.3,12566,United Kingdom
536458,85101,JUMBO BAG RED,9,2010-02-24 17:00:00,9.32,12566,United Kingdom
536458,85106,PACK OF 72 CAKE CASES,10,2010-02-24 17:00:00,3.9,12566,United Kingdom
536459,85100,WHITE HANGING HEART,7,2010-02-24 13:52:00,6.3,12769,Netherlands
536459,85101,JUMBO BAG RED,1,2010-02-24 13:52:00,9.32,12769,Netherlands
536459,85104,LUNCH BAG BLACK,4,2010-02-24 13:52:00,5.6,12769,Netherlands
536459,85102,REGENCY CAKESTAND,9,2010-02-24 13:52:00,4.35,12769,Netherlands
536460,85105,SET OF 6 SPICE TINS,10,2010-02-24 08:58:00,9.18,12552,United Kingdom
536460,85105,SET OF 6 SPICE TINS,9,2010-02-24 08:58:00,9.18,12552,United Kingdom
536460,85107,JAM MAKING SET,3,2010-02-24 08:58:00,3.67,12552,United Kingdom
536461,85102,REGENCY CAKESTAND,1,2010-02-24 14:26:00,4.35,12816,EIRE
536461,85109,ASSORTED COLOUR BIRD,1,2010-02-24 14:26:00,6.63,12816,EIRE
536462,85100,WHITE HANGING HEART,3,2010-02-24 14:53:00,6.3,12724,United Kingdom
536462,85104,LUNCH BAG BLACK,9,2010-02-24 14:53:00,5.6,12724,United Kingdom
536463,85100,WHITE HANGING HEART,11,2010-02-25 12:58:00,6.3,12642,Netherlands
536464,85110,PAPER CHAIN KIT,11,2010-02-25 11:58:00,5.67,12531,EIRE
536465,85100,WHITE HANGING HEART,8,2010-02-25 09:11:00,6.3,12628,EIRE
536465,85102,REGENCY CAKESTAND,8,2010-02-25 09:11:00,4.35,12628,EIRE
536466,85111,WOODLAND CHARLOTTE BAG,2,2010-02-25 16:50:00,9.31,12698,France
536466,85102,REGENCY CAKESTAND,5,2010-02-25 16:50:00,4.35,12698,France
536466,85108,RECIPE BOX PANTRY,9,2010-02-25 16:50:00,10.31,12698,France
536467,85104,LUNCH BAG BLACK,4,2010-02-25 09:37:00,5.6,12503,United Kingdom
536467,85103,PARTY BUNTING,7,2010-02-25 09:37:00,11.18,12503,United Kingdom
536467,85109,ASSORTED COLOUR BIRD,5,2010-02-25 09:37:00,6.63,12503,United Kingdom
536467,85102,REGENCY CAKESTAND,1,2010-02-25 09:37:00,4.35,12503,United Kingdom
536468,85100,WHITE HANGING HEART,4,2010-02-25 09:19:00,6.3,12603,United Kingdom
536468,85107,JAM MAKING SET,1,2010-02-25 09:19:00,3.67,12603,United Kingdom
536469,85104,LUNCH BAG BLACK,2,2010-02-25 16:24:00,5.6,12714,Netherlands
536469,85106,PACK OF 72 CAKE CASES,14,2010-02-25 16:24:00,3.9,12714,Netherlands
536470,85111,WOODLAND CHARLOTTE BAG,4,2010-02-25 11:05:00,9.31,12649,United Kingdom
536470,85103,PARTY BUNTING,6,2010-02-25 11:05:00,11.18,12649,United Kingdom
536470,85108,RECIPE BOX PANTRY,8,2010-02-25 11:05:00,10.31,12649,United Kingdom
536471,85100,WHITE HANGING HEART,8,2010-02-25 12:38:00,6.3,12538,United Kingdom
536471,85101,JUMBO BAG RED,4,2010-02-25 12:38:00,9.32,12538,United Kingdom
536471,85101,JUMBO BAG RED,12,2010-02-25 12:38:00,9.32,12538,United Kingdom
536471,85100,WHITE HANGING HEART,7,2010-02-25 12:38:00,6.3,12538,United Kingdom
536472,85102,REGENCY CAKESTAND,2,2010-02-25 08:31:00,4.35,12771,United Kingdom
536472,85101,JUMBO BAG RED,9,2010-02-25 08:31:00,9.32,12771,United Kingdom
536472,85105,SET OF 6 SPICE TINS,7,2010-02-25 08:31:00,9.18,12771,United Kingdom
536473,85105,SET OF 6 SPICE TINS,5,2010-02-25 13:39:00,9.18,12630,United Kingdom
536474,85107,JAM MAKING SET,4,2010-02-25 12:36:00,3.67,12692,France
536474,85103,PARTY BUNTING,9,2010-02-25 12:36:00,11.18,12692,France
536475,85100,WHITE HANGING HEART,9,2010-02-26 10:05:00,6.3,12738,EIRE
536475,85101,JUMBO BAG RED,-1,2010-02-26 10:05:00,9.32,12738,EIRE
536475,85100,WHITE HANGING HEART,6,2010-02-26 10:05:00,6.3,12738,EIRE
536476,85100,WHITE HANGING HEART,14,2010-02-26 14:32:00,6.3,12720,EIRE
536476,85105,SET OF 6 SPICE TINS,7,2010-02-26 14:32:00,9.18,12720,EIRE
536476,85100,WHITE HANGING HEART,4,2010-02-26 14:32:00,6.3,12720,EIRE
536477,85105,SET OF 6 SPICE TINS,6,2010-02-26 09:16:00,9.18,12843,United Kingdom
536477,85100,WHITE HANGING HEART,5,2010-02-26 09:16:00,6.3,12843,United Kingdom
536477,85103,PARTY BUNTING,12,2010-02-26 09:16:00,11.18,12843,United Kingdom
536478,85102,REGENCY CAKESTAND,1,2010-02-26 15:48:00,4.35,12683,United Kingdom
536478,85101,JUMBO BAG RED,9,2010-02-26 15:48:00,9.32,12683,United Kingdom
536478,85101,JUMBO BAG RED,4,2010-02-26 15:48:00,9.32,12683,United Kingdom
536478,85104,LUNCH BAG BLACK,3,2010-02-26 15:48:00,5.6,12683,United Kingdom
536479,85108,RECIPE BOX PANTRY,4,2010-02-26 16:56:00,10.31,12895,Germany
536479,85101,JUMBO BAG RED,2,2010-02-26 16:56:00,9.32,12895,Germany
536479,85101,JUMBO BAG RED,1,2010-02-26 16:56:00,9.32,12895,Germany
536479,85101,JUMBO BAG RED,11,2010-02-26 16:56:00,9.32,12895,Germany
536480,85106,PACK OF 72 CAKE CASES,6,2010-02-26 10:34:00,3.9,12893,EIRE
536480,85101,JUMBO BAG RED,5,2010-02-26 10:34:00,9.32,12893,EIRE
536480,85105,SET OF 6 SPICE TINS,1,2010-02-26 10:34:00,9.18,12893,EIRE
536481,85106,PACK OF 72 CAKE CASES,11,2010-02-26 09:31:00,3.9,12849,United Kingdom
536481,85103,PARTY BUNTING,11,2010-02-26 09:31:00,11.18,12849,United Kingdom
536482,85101,JUMBO BAG RED,6,2010-02-26 14:28:00,9.32,12688,Germany
536482,85101,JUMBO BAG RED,11,2010-02-26 14:28:00,9.32,12688,Germany
536482,85102,REGENCY CAKESTAND,10,2010-02-26 14:28:00,4.35,12688,Germany
536482,85100,WHITE HANGING HEART,2,2010-02-26 14:28:00,6.3,12688,Germany
536483,85100,WHITE HANGING HEART,5,2010-02-26 09:12:00,6.3,12872,United Kingdom
536483,85100,WHITE HANGING HEART,7,2010-02-26 09:12:00,6.3,12872,United Kingdom
536483,85106,PACK OF 72 CAKE CASES,5,2010-02-26 09:12:00,3.9,12872,United Kingdom
536483,85100,WHITE HANGING HEART,5,2010-02-26 09:12:00,6.3,12872,United Kingdom
536484,85108,RECIPE BOX PANTRY,1,2010-02-26 17:24:00,10.31,12648,Germany
536484,85107,JAM MAKING SET,1,2010-02-26 17:24:00,3.67,12648,Germany
536484,85100,WHITE HANGING HEART,7,2010-02-26 17:24:00,6.3,12648,Germany
536484,85101,JUMBO BAG RED,5,2010-02-26 17:24:00,9.32,12648,Germany
536485,85101,JUMBO BAG RED,1,2010-02-26 16:47:00,9.32,12714,France
536485,85104,LUNCH BAG BLACK,9,2010-02-26 16:47:00,5.6,12714,France
536485,85103,PARTY BUNTING,15,2010-02-26 16:47:00,11.18,12714,France
536485,85103,PARTY BUNTING,9,2010-02-26 16:47:00,11.18,12714,France
536486,85107,JAM MAKING SET,8,2010-02-26 09:40:00,3.67,12865,United Kingdom
536486,85101,JUMBO BAG RED,8,2010-02-26 09:40:00,9.32,12865,United Kingdom
536487,85104,LUNCH BAG BLACK,8,2010-02-27 16:39:00,5.6,12706,United Kingdom
536488,85101,JUMBO BAG RED,5,2010-02-27 13:51:00,9.32,12509,United Kingdom
536488,85100,WHITE HANGING HEART,15,2010-02-27 13:51:00,6.3,12509,United Kingdom
536488,85109,ASSORTED COLOUR BIRD,8,2010-02-27 13:51:00,6.63,12509,United Kingdom
536488,85110,PAPER CHAIN KIT,9,2010-02-27 13:51:00,5.67,12509,United Kingdom
536489,85100,WHITE HANGING HEART,3,2010-02-27 08:08:00,6.3,12557,United Kingdom
536489,85103,PARTY BUNTING,9,2010-02-27 08:08:00,11.18,12557,United Kingdom
536489,85106,PACK OF 72 CAKE CASES,2,2010-02-27 08:08:00,3.9,12557,United Kingdom
536489,85105,SET OF 6 SPICE TINS,1,2010-02-27 08:08:00,9.18,12557,United Kingdom
536490,85100,WHITE HANGING HEART,4,2010-02-27 13:22:00,6.3,12617,United Kingdom
536490,85109,ASSORTED COLOUR BIRD,1,2010-02-27 13:22:00,6.63,12617,United Kingdom
536490,85108,RECIPE BOX PANTRY,3,2010-02-27 13:22:00,10.31,12617,United Kingdom
536490,85104,LUNCH BAG BLACK,8,2010-02-27 13:22:00,5.6,12617,United Kingdom
536491,85106,PACK OF 72 CAKE CASES,5,2010-02-27 10:02:00,3.9,12715,United Kingdom
536491,85105,SET OF 6 SPICE TINS,7,2010-02-27 10:02:00,9.18,12715,United Kingdom
536491,85100,WHITE HANGING HEART,7,2010-02-27 10:02:00,6.3,12715,United Kingdom
536491,85104,LUNCH BAG BLACK,6,2010-02-27 10:02:00,5.6,12715,United Kingdom
536492,85104,LUNCH BAG BLACK,7,2010-02-27 13:15:00,5.6,12718,United Kingdom
536492,85110,PAPER CHAIN KIT,8,2010-02-27 13:15:00,5.67,12718,United Kingdom
536493,85102,REGENCY CAKESTAND,7,2010-03-01 08:35:00,4.35,12890,United Kingdom
536493,85111,WOODLAND CHARLOTTE BAG,5,2010-03-01 08:35:00,9.31,12890,United Kingdom
536493,85105,SET OF 6 SPICE TINS,14,2010-03-01 08:35:00,9.18,12890,United Kingdom
536494,85100,WHITE HANGING HEART,4,2010-03-01 08:56:00,6.3,12622,United Kingdom
536494,85101,JUMBO BAG RED,1,2010-03-01 08:56:00,9.32,12622,United Kingdom
536494,85100,WHITE HANGING HEART,6,2010-03-01 08:56:00,6.3,12622,United Kingdom
536494,85100,WHITE HANGING HEART,7,2010-03-01 08:56:00,6.3,12622,United Kingdom
536495,85105,SET OF 6 SPICE TINS,7,2010-03-01 10:55:00,9.18,12679,Netherlands
536495,85100,WHITE HANGING HEART,7,2010-03-01 10:55:00,6.3,12679,Netherlands
536495,85101,JUMBO BAG RED,1,2010-03-01 10:55:00,9.32,12679,Netherlands
536496,85104,LUNCH BAG BLACK,-2,2010-03-01 10:52:00,5.6,12560,United Kingdom
536496,85101,JUMBO BAG RED,1,2010-03-01 10:52:00,9.32,12560,United Kingdom
536497,85103,PARTY BUNTING,4,2010-03-01 15:56:00,11.18,12673,United Kingdom
536497,85100,WHITE HANGING HEART,4,2010-03-01 15:56:00,6.3,12673,United Kingdom
536497,85101,JUMBO BAG RED,4,2010-03-01 15:56:00,9.32,12673,United Kingdom
536497,85102,REGENCY CAKESTAND,7,2010-03-01 15:56:00,4.35,12673,United Kingdom
536498,85100,WHITE HANGING HEART,1,2010-03-01 17:29:00,6.3,12826,France
536498,85103,PARTY BUNTING,1,2010-03-01 17:29:00,11.18,12826,France
536498,85101,JUMBO BAG RED,7,2010-03-01 17:29:00,9.32,12826,France
536499,85103,PARTY BUNTING,5,2010-03-01 11:22:00,11.18,12622,United Kingdom
536499,85107,JAM MAKING SET,12,2010-03-01 11:22:00,3.67,12622,United Kingdom
536500,85100,WHITE HANGING HEART,13,2010-03-01 09:21:00,6.3,12665,United Kingdom
536500,85102,REGENCY CAKESTAND,5,2010-03-01 09:21:00,4.35,12665,United Kingdom
536501,85106,PACK OF 72 CAKE CASES,6,2010-03-01 17:55:00,3.9,12505,Germany
536501,85100,WHITE HANGING HEART,3,2010-03-01 17:55:00,6.3,12505,Germany
536501,85103,PARTY BUNTING,3,2010-03-01 17:55:00,11.18,12505,Germany
536501,85101,JUMBO BAG RED,2,2010-03-01 17:55:00,9.32,12505,Germany
536502,85103,PARTY BUNTING,5,2010-03-01 10:08:00,11.18,12872,Germany
536502,85100,WHITE HANGING HEART,8,2010-03-01 10:08:00,6.3,12872,Germany
536503,85107,JAM MAKING SET,6,2010-03-02 12:48:00,3.67,12669,United Kingdom
536503,85100,WHITE HANGING HEART,4,2010-03-02 12:48:00,6.3,12669,United Kingdom
536503,85103,PARTY BUNTING,1,2010-03-02 12:48:00,11.18,12669,United Kingdom
536504,85103,PARTY BUNTING,1,2010-03-02 15:12:00,11.18,12536,EIRE
536505,85111,WOODLAND CHARLOTTE BAG,10,2010-03-02 08:32:00,9.31,12596,United Kingdom
536505,85100,WHITE HANGING HEART,9,2010-03-02 08:32:00,6.3,12596,United Kingdom
536506,85101,JUMBO BAG RED,5,2010-03-02 10:49:00,9.32,12627,United Kingdom
536506,85100,WHITE HANGING HEART,2,2010-03-02 10:49:00,6.3,12627,United Kingdom
536506,85111,WOODLAND CHARLOTTE BAG,2,2010-03-02 10:49:00,9.31,12627,United Kingdom
536507,85101,JUMBO BAG RED,1,2010-03-02 08:45:00,9.32,12505,United Kingdom
536507,85101,JUMBO BAG RED,4,2010-03-02 08:45:00,9.32,12505,United Kingdom
536507,85102,REGENCY CAKESTAND,10,2010-03-02 08:45:00,4.35,12505,United Kingdom
536508,85105,SET OF 6 SPICE TINS,8,2010-03-02 16:42:00,9.18,12715,United Kingdom
536508,85100,WHITE HANGING HEART,6,2010-03-02 16:42:00,6.3,12715,United Kingdom
536509,85100,WHITE HANGING HEART,12,2010-03-02 08:39:00,6.3,12776,United Kingdom
536509,85108,RECIPE BOX PANTRY,3,2010-03-02 08:39:00,10.31,12776,United Kingdom
536510,85103,PARTY BUNTING,4,2010-03-02 15:55:00,11.18,12897,United Kingdom
536511,85101,JUMBO BAG RED,7,2010-03-02 11:07:00,9.32,12829,Netherlands
536511,85107,JAM MAKING SET,4,2010-03-02 11:07:00,3.67,12829,Netherlands
536512,85110,PAPER CHAIN KIT,4,2010-03-02 14:07:00,5.67,12608,United Kingdom
536512,85101,JUMBO BAG RED,12,2010-03-02 14:07:00,9.32,12608,United Kingdom
536513,85101,JUMBO BAG RED,10,2010-03-02 10:51:00,9.32,12660,United Kingdom
536513,85100,WHITE HANGING HEART,9,2010-03-02 10:51:00,6.3,12660,United Kingdom
536514,85111,WOODLAND CHARLOTTE BAG,3,2010-03-02 17:57:00,9.31,12777,United Kingdom
536514,85101,JUMBO BAG RED,6,2010-03-02 17:57:00,9.32,12777,United Kingdom
536514,85105,SET OF 6 SPICE TINS,7,2010-03-02 17:57:00,9.18,12777,United Kingdom
536514,85107,JAM MAKING SET,-1,2010-03-02 17:57:00,3.67,12777,United Kingdom
536515,85104,LUNCH BAG BLACK,12,2010-03-02 12:00:00,5.6,12540,United Kingdom
536515,85107,JAM MAKING SET,9,2010-03-02 12:00:00,3.67,12540,United Kingdom
536515,85102,REGENCY CAKESTAND,8,2010-03-02 12:00:00,4.35,12540,United Kingdom
536516,85102,REGENCY CAKESTAND,1,2010-03-02 15:06:00,4.35,12874,France
536516,85103,PARTY BUNTING,3,2010-03-02 15:06:00,11.18,12874,France
536516,85106,PACK OF 72 CAKE CASES,2,2010-03-02 15:06:00,3.9,12874,France
536516,85106,PACK OF 72 CAKE CASES,-2,2010-03-02 15:06:00,3.9,12874,France
536517,85106,PACK OF 72 CAKE CASES,1,2010-03-02 14:59:00,3.9,12888,France
536517,85104,LUNCH BAG BLACK,6,2010-03-02 14:59:00,5.6,12888,France
536518,85105,SET OF 6 SPICE TINS,6,2010-03-03 09:48:00,9.18,12885,United Kingdom
536518,85105,SET OF 6 SPICE TINS,1,2010-03-03 09:48:00,9.18,12885,United Kingdom
536518,85102,REGENCY CAKESTAND,6,2010-03-03 09:48:00,4.35,12885,United Kingdom
536519,85100,WHITE HANGING HEART,8,2010-03-03 13:40:00,6.3,12857,Germany
536519,85102,REGENCY CAKESTAND,5,2010-03-03 13:40:00,4.35,12857,Germany
536519,85100,WHITE HANGING HEART,4,2010-03-03 13:40:00,6.3,12857,Germany
536519,85100,WHITE HANGING HEART,7,2010-03-03 13:40:00,6.3,12857,Germany
536520,85105,SET OF 6 SPICE TINS,1,2010-03-03 15:03:00,9.18,12525,Netherlands
536520,85104,LUNCH BAG BLACK,6,2010-03-03 15:03:00,5.6,12525,Netherlands
536520,85101,JUMBO BAG RED,1,2010-03-03 15:03:00,9.32,12525,Netherlands
536521,85107,JAM MAKING SET,12,2010-03-03 08:46:00,3.67,12646,United Kingdom
536521,85100,WHITE HANGING HEART,7,2010-03-03 08:46:00,6.3,12646,United Kingdom
536522,85109,ASSORTED COLOUR BIRD,1,2010-03-03 11:41:00,6.63,12733,EIRE
536522,85104,LUNCH BAG BLACK,5,2010-03-03 11:41:00,5.6,12733,EIRE
536523,85103,PARTY BUNTING,12,2010-03-03 09:33:00,11.18,12803,United Kingdom
536523,85102,REGENCY CAKESTAND,4,2010-03-03 09:33:00,4.35,12803,United Kingdom
536523,85105,SET OF 6 SPICE TINS,1,2010-03-03 09:33:00,9.18,12803,United Kingdom
536524,85100,WHITE HANGING HEART,10,2010-03-03 11:54:00,6.3,12828,EIRE
536524,85101,JUMBO BAG RED,8,2010-03-03 11:54:00,9.32,12828,EIRE
536524,85100,WHITE HANGING HEART,10,2010-03-03 11:54:00,6.3,12828,EIRE
536524,85102,REGENCY CAKESTAND,4,2010-03-03 11:54:00,4.35,12828,EIRE
536525,85110,PAPER CHAIN KIT,2,2010-03-03 15:16:00,5.67,12876,United Kingdom
536525,85102,REGENCY CAKESTAND,10,2010-03-03 15:16:00,4.35,12876,United Kingdom
536526,85103,PARTY BUNTING,6,2010-03-03 17:05:00,11.18,12534,Germany
536526,85105,SET OF 6 SPICE TINS,6,2010-03-03 17:05:00,9.18,12534,Germany
536526,85102,REGENCY CAKESTAND,13,2010-03-03 17:05:00,4.35,12534,Germany
536526,85104,LUNCH BAG BLACK,9,2010-03-03 17:05:00,5.6,12534,Germany
536527,85107,JAM MAKING SET,6,2010-03-03 11:31:00,3.67,12866,United Kingdom
536527,85102,REGENCY CAKESTAND,1,2010-03-03 11:31:00,4.35,12866,United Kingdom
536528,85101,JUMBO BAG RED,6,2010-03-03 14:13:00,9.32,12536,United Kingdom
536528,85101,JUMBO BAG RED,9,2010-03-03 14:13:00,9.32,12536,United Kingdom
536528,85100,WHITE HANGING HEART,6,2010-03-03 14:13:00,6.3,12536,United Kingdom
536529,85100,WHITE HANGING HEART,12,2010-03-03 17:02:00,6.3,12758,United Kingdom
536529,85101,JUMBO BAG RED,3,2010-03-03 17:02:00,9.32,12758,United Kingdom
536530,85100,WHITE HANGING HEART,3,2010-03-04 13:58:00,6.3,12556,United Kingdom
536530,85103,PARTY BUNTING,1,2010-03-04 13:58:00,11.18,12556,United Kingdom
536530,85108,RECIPE BOX PANTRY,7,2010-03-04 13:58:00,10.31,12556,United Kingdom
536530,85102,REGENCY CAKESTAND,1,2010-03-04 13:58:00,4.35,12556,United Kingdom
536531,85103,PARTY BUNTING,2,2010-03-04 13:24:00,11.18,12743,Germany
536532,85100,WHITE HANGING HEART,1,2010-03-04 12:05:00,6.3,12767,United Kingdom
536532,85102,REGENCY CAKESTAND,4,2010-03-04 12:05:00,4.35,12767,United Kingdom
536533,85103,PARTY BUNTING,5,2010-03-04 16:10:00,11.18,12622,United Kingdom
536534,85102,REGENCY CAKESTAND,5,2010-03-04 12:01:00,4.35,12629,United Kingdom
536534,85100,WHITE HANGING HEART,12,2010-03-04 12:01:00,6.3,12629,United Kingdom
536534,85100,WHITE HANGING HEART,7,2010-03-04 12:01:00,6.3,12629,United Kingdom
536535,85100,WHITE HANGING HEART,6,2010-03-04 14:47:00,6.3,12545,United Kingdom
536535,85101,JUMBO BAG RED,7,2010-03-04 14:47:00,9.32,12545,United Kingdom
536535,85106,PACK OF 72 CAKE CASES,1,2010-03-04 14:47:00,3.9,12545,United Kingdom
536536,85102,REGENCY CAKESTAND,1,2010-03-04 17:11:00,4.35,12716,Netherlands
536536,85103,PARTY BUNTING,12,2010-03-04 17:11:00,11.18,12716,Netherlands
536536,85111,WOODLAND CHARLOTTE BAG,1,2010-03-04 17:11:00,9.31,12716,Netherlands
536537,85101,JUMBO BAG RED,4,2010-03-05 12:37:00,9.32,12824,United Kingdom
536537,85100,WHITE HANGING HEART,2,2010-03-05 12:37:00,6.3,12824,United Kingdom
536537,85101,JUMBO BAG RED,4,2010-03-05 12:37:00,9.32,12824,United Kingdom
536537,85101,JUMBO BAG RED,1,2010-03-05 12:37:00,9.32,12824,United Kingdom
536538,85110,PAPER CHAIN KIT,8,2010-03-05 09:27:00,5.67,12542,United Kingdom
536538,85104,LUNCH BAG BLACK,4,2010-03-05 09:27:00,5.6,12542,United Kingdom
536539,85106,PACK OF 72 CAKE CASES,13,2010-03-05 16:17:00,3.9,12619,Germany
536539,85102,REGENCY CAKESTAND,1,2010-03-05 16:17:00,4.35,12619,Germany
536539,85105,SET OF 6 SPICE TINS,1,2010-03-05 16:17:00,9.18,12619,Germany
536540,85103,PARTY BUNTING,2,2010-03-05 17:25:00,11.18,12783,United Kingdom
536540,85110,PAPER CHAIN KIT,5,2010-03-05 17:25:00,5.67,12783,United Kingdom
536541,85100,WHITE HANGING HEART,4,2010-03-05 09:04:00,6.3,12671,United Kingdom
536541,85107,JAM MAKING SET,-2,2010-03-05 09:04:00,3.67,12671,United Kingdom
536541,85104,LUNCH BAG BLACK,9,2010-03-05 09:04:00,5.6,12671,United Kingdom
536542,85100,WHITE HANGING HEART,4,2010-03-05 12:55:00,6.3,12770,United Kingdom
536542,85102,REGENCY CAKESTAND,4,2010-03-05 12:55:00,4.35,12770,United Kingdom
536543,85103,PARTY BUNTING,10,2010-03-05 12:23:00,11.18,12701,United Kingdom
536544,85109,ASSORTED COLOUR BIRD,2,2010-03-05 15:32:00,6.63,12637,Germany
536544,85108,RECIPE BOX PANTRY,8,2010-03-05 15:32:00,10.31,12637,Germany
536544,85102,REGENCY CAKESTAND,7,2010-03-05 15:32:00,4.35,12637,Germany
536545,85100,WHITE HANGING HEART,4,2010-03-05 13:15:00,6.3,12589,Germany
536545,85105,SET OF 6 SPICE TINS,5,2010-03-05 13:15:00,9.18,12589,Germany
536545,85103,PARTY BUNTING,6,2010-03-05 13:15:00,11.18,12589,Germany
536546,85104,LUNCH BAG BLACK,7,2010-03-05 17:32:00,5.6,12631,United Kingdom
536546,85101,JUMBO BAG RED,9,2010-03-05 17:32:00,9.32,12631,United Kingdom
536547,85106,PACK OF 72 CAKE CASES,7,2010-03-05 14:47:00,3.9,12817,United Kingdom
536547,85101,JUMBO BAG RED,7,2010-03-05 14:47:00,9.32,12817,United Kingdom
536548,85108,RECIPE BOX PANTRY,5,2010-03-06 14:25:00,10.31,12753,France
536549,85109,ASSORTED COLOUR BIRD,5,2010-03-06 14:32:00,6.63,12814,United Kingdom
536550,85105,SET OF 6 SPICE TINS,5,2010-03-06 11:08:00,9.18,12649,EIRE
536550,85102,REGENCY CAKESTAND,1,2010-03-06 11:08:00,4.35,12649,EIRE
536551,85110,PAPER CHAIN KIT,8,2010-03-06 13:35:00,5.67,12593,United Kingdom
536552,85106,PACK OF 72 CAKE CASES,1,2010-03-06 13:05:00,3.9,12846,Germany
536552,85108,RECIPE BOX PANTRY,7,2010-03-06 13:05:00,10.31,12846,Germany
536552,85101,JUMBO BAG RED,2,2010-03-06 13:05:00,9.32,12846,Germany
536552,85105,SET OF 6 SPICE TINS,5,2010-03-06 13:05:00,9.18,12846,Germany
536553,85104,LUNCH BAG BLACK,11,2010-03-06 15:07:00,5.6,12558,Netherlands
536553,85100,WHITE HANGING HEART,12,2010-03-06 15:07:00,6.3,12558,Netherlands
536554,85103,PARTY BUNTING,4,2010-03-06 17:54:00,11.18,12563,United Kingdom
536555,85102,REGENCY CAKESTAND,5,2010-03-06 09:09:00,4.35,12712,EIRE
536555,85105,SET OF 6 SPICE TINS,-2,2010-03-06 09:09:00,9.18,12712,EIRE
536556,85102,REGENCY CAKESTAND,2,2010-03-08 15:18:00,4.35,12518,United Kingdom
536556,85103,PARTY BUNTING,7,2010-03-08 15:18:00,11.18,12518,United Kingdom
536556,85100,WHITE HANGING HEART,1,2010-03-08 15:18:00,6.3,12518,United Kingdom
536557,85102,REGENCY CAKESTAND,1,2010-03-08 17:11:00,4.35,12574,EIRE
536557,85101,JUMBO BAG RED,5,2010-03-08 17:11:00,9.32,12574,EIRE
536557,85108,RECIPE BOX PANTRY,6,2010-03-08 17:11:00,10.31,12574,EIRE
536557,85104,LUNCH BAG BLACK,6,2010-03-08 17:11:00,5.6,12574,EIRE
536558,85102,REGENCY CAKESTAND,6,2010-03-08 17:54:00,4.35,12850,France
536558,85103,PARTY BUNTING,5,2010-03-08 17:54:00,11.18,12850,France
536559,85100,WHITE HANGING HEART,7,2010-03-08 13:28:00,6.3,12776,United Kingdom
536560,85100,WHITE HANGING HEART,7,2010-03-08 10:13:00,6.3,12850,France
536560,85103,PARTY BUNTING,2,2010-03-08 10:13:00,11.18,12850,France
536560,85102,REGENCY CAKESTAND,1,2010-03-08 10:13:00,4.35,12850,France
536560,85102,REGENCY CAKESTAND,3,2010-03-08 10:13:00,4.35,12850,France
536561,85105,SET OF 6 SPICE TINS,5,2010-03-08 17:07:00,9.18,12640,United Kingdom
536561,85106,PACK OF 72 CAKE CASES,1,2010-03-08 17:07:00,3.9,12640,United Kingdom
536562,85104,LUNCH BAG BLACK,1,2010-03-08 13:50:00,5.6,12851,EIRE
536562,85105,SET OF 6 SPICE TINS,3,2010-03-08 13:50:00,9.18,12851,EIRE
536562,85103,PARTY BUNTING,1,2010-03-08 13:50:00,11.18,12851,EIRE
536563,85100,WHITE HANGING HEART,8,2010-03-08 17:03:00,6.3,12898,United Kingdom
536563,85105,SET OF 6 SPICE TINS,11,2010-03-08 17:03:00,9.18,12898,United Kingdom
536563,85104,LUNCH BAG BLACK,1,2010-03-08 17:03:00,5.6,12898,United Kingdom
536564,85100,WHITE HANGING HEART,7,2010-03-08 14:51:00,6.3,12691,Germany
536564,85101,JUMBO BAG RED,3,2010-03-08 14:51:00,9.32,12691,Germany
536565,85100,WHITE HANGING HEART,9,2010-03-09 11:09:00,6.3,12659,United Kingdom
536566,85103,PARTY BUNTING,1,2010-03-09 15:47:00,11.18,12504,United Kingdom
536566,85101,JUMBO BAG RED,12,2010-03-09 15:47:00,9.32,12504,United Kingdom
536566,85102,REGENCY CAKESTAND,13,2010-03-09 15:47:00,4.35,12504,United Kingdom
536567,85106,PACK OF 72 CAKE CASES,6,2010-03-09 16:58:00,3.9,12746,United Kingdom
536567,85104,LUNCH BAG BLACK,3,2010-03-09 16:58:00,5.6,12746,United Kingdom
536568,85100,WHITE HANGING HEART,2,2010-03-09 15:48:00,6.3,12753,United Kingdom
536568,85102,REGENCY CAKESTAND,5,2010-03-09 15:48:00,4.35,12753,United Kingdom
536568,85103,PARTY BUNTING,-3,2010-03-09 15:48:00,11.18,12753,United Kingdom
536568,85102,REGENCY CAKESTAND,8,2010-03-09 15:48:00,4.35,12753,United Kingdom
536569,85104,LUNCH BAG BLACK,3,2010-03-09 08:30:00,5.6,12836,United Kingdom
536570,85107,JAM MAKING SET,15,2010-03-09 08:01:00,3.67,12544,United Kingdom
536570,85102,REGENCY CAKESTAND,2,2010-03-09 08:01:00,4.35,12544,United Kingdom
536570,85101,JUMBO BAG RED,1,2010-03-09 08:01:00,9.32,12544,United Kingdom
536570,85103,PARTY BUNTING,2,2010-03-09 08:01:00,11.18,12544,United Kingdom
536571,85100,WHITE HANGING HEART,13,2010-03-09 11:48:00,6.3,12755,EIRE
536571,85101,JUMBO BAG RED,9,2010-03-09 11:48:00,9.32,12755,EIRE
536571,85100,WHITE HANGING HEART,2,2010-03-09 11:48:00,6.3,12755,EIRE
536572,85111,WOODLAND CHARLOTTE BAG,3,2010-03-09 08:11:00,9.31,12877,EIRE
536572,85105,SET OF 6 SPICE TINS,5,2010-03-09 08:11:00,9.18,12877,EIRE
536572,85106,PACK OF 72 CAKE CASES,12,2010-03-09 08:11:00,3.9,12877,EIRE
536572,85104,LUNCH BAG BLACK,5,2010-03-09 08:11:00,5.6,12877,EIRE
536573,85110,PAPER CHAIN KIT,9,2010-03-09 08:22:00,5.67,12814,France
536573,85102,REGENCY CAKESTAND,9,2010-03-09 08:22:00,4.35,12814,France
536573,85104,LUNCH BAG BLACK,4,2010-03-09 08:22:00,5.6,12814,France
536574,85102,REGENCY CAKESTAND,1,2010-03-09 10:46:00,4.35,12557,United Kingdom
536574,85106,PACK OF 72 CAKE CASES,14,2010-03-09 10:46:00,3.9,12557,United Kingdom
536575,85101,JUMBO BAG RED,4,2010-03-10 15:27:00,9.32,12807,France
536575,85108,RECIPE BOX PANTRY,7,2010-03-10 15:27:00,10.31,12807,France
536575,85103,PARTY BUNTING,4,2010-03-10 15:27:00,11.18,12807,France
536575,85110,PAPER CHAIN KIT,5,2010-03-10 15:27:00,5.67,12807,France
536576,85109,ASSORTED COLOUR BIRD,7,2010-03-10 11:07:00,6.63,12555,France
536577,85101,JUMBO BAG RED,9,2010-03-10 08:18:00,9.32,12896,United Kingdom
536577,85101,JUMBO BAG RED,-3,2010-03-10 08:18:00,9.32,12896,United Kingdom
536577,85107,JAM MAKING SET,3,2010-03-10 08:18:00,3.67,12896,United Kingdom
536578,85101,JUMBO BAG RED,10,2010-03-10 16:01:00,9.32,12569,Germany
536578,85103,PARTY BUNTING,1,2010-03-10 16:01:00,11.18,12569,Germany
536579,85106,PACK OF 72 CAKE CASES,10,2010-03-10 08:39:00,3.9,12671,United Kingdom
536579,85100,WHITE HANGING HEART,2,2010-03-10 08:39:00,6.3,12671,United Kingdom
536579,85106,PACK OF 72 CAKE CASES,2,2010-03-10 08:39:00,3.9,12671,United Kingdom
536580,85100,WHITE HANGING HEART,9,2010-03-10 11:59:00,6.3,12608,United Kingdom
536580,85100,WHITE HANGING HEART,3,2010-03-10 11:59:00,6.3,12608,United Kingdom
536580,85109,ASSORTED COLOUR BIRD,1,2010-03-10 11:59:00,6.63,12608,United Kingdom
536581,85100,WHITE HANGING HEART,2,2010-03-10 14:56:00,6.3,12726,United Kingdom
536581,85108,RECIPE BOX PANTRY,4,2010-03-10 14:56:00,10.31,12726,United Kingdom
536581,85100,WHITE HANGING HEART,9,2010-03-10 14:56:00,6.3,12726,United Kingdom
536582,85108,RECIPE BOX PANTRY,8,2010-03-10 13:49:00,10.31,12833,Germany
536582,85100,WHITE HANGING HEART,14,2010-03-10 13:49:00,6.3,12833,Germany
536582,85106,PACK OF 72 CAKE CASES,1,2010-03-10 13:49:00,3.9,12833,Germany
536583,85111,WOODLAND CHARLOTTE BAG,6,2010-03-10 09:18:00,9.31,12544,EIRE
536584,85103,PARTY BUNTING,6,2010-03-10 13:19:00,11.18,12615,Germany
536584,85102,REGENCY CAKESTAND,8,2010-03-10 13:19:00,4.35,12615,Germany
536584,85101,JUMBO BAG RED,1,2010-03-10 13:19:00,9.32,12615,Germany
536584,85100,WHITE HANGING HEART,4,2010-03-10 13:19:00,6.3,12615,Germany
536585,85104,LUNCH BAG BLACK,7,2010-03-11 12:20:00,5.6,12900,Netherlands
536585,85107,JAM MAKING SET,3,2010-03-11 12:20:00,3.67,12900,Netherlands
536585,85107,JAM MAKING SET,6,2010-03-11 12:20:00,3.67,12900,Netherlands
536585,85104,LUNCH BAG BLACK,1,2010-03-11 12:20:00,5.6,12900,Netherlands
536586,85111,WOODLAND CHARLOTTE BAG,10,2010-03-11 15:43:00,9.31,12693,United Kingdom
536587,85103,PARTY BUNTING,7,2010-03-11 14:02:00,11.18,12750,United Kingdom
536587,85102,REGENCY CAKESTAND,2,2010-03-11 14:02:00,4.35,12750,United Kingdom
536587,85100,WHITE HANGING HEART,4,2010-03-11 14:02:00,6.3,12750,United Kingdom
536588,85111,WOODLAND CHARLOTTE BAG,3,2010-03-11 11:13:00,9.31,12807,United Kingdom
536588,85100,WHITE HANGING HEART,5,2010-03-11 11:13:00,6.3,12807,United Kingdom
536588,85111,WOODLAND CHARLOTTE BAG,7,2010-03-11 11:13:00,9.31,12807,United Kingdom
536588,85107,JAM MAKING SET,-2,2010-03-11 11:13:00,3.67,12807,United Kingdom
536589,85100,WHITE HANGING HEART,11,2010-03-11 11:29:00,6.3,12549,Germany
536590,85102,REGENCY CAKESTAND,11,2010-03-11 10:45:00,4.35,12697,United Kingdom
536590,85103,PARTY BUNTING,7,2010-03-11 10:45:00,11.18,12697,United Kingdom
536590,85103,PARTY BUNTING,12,2010-03-11 10:45:00,11.18,12697,United Kingdom
536590,85103,PARTY BUNTING,5,2010-03-11 10:45:00,11.18,12697,United Kingdom
536591,85102,REGENCY CAKESTAND,5,2010-03-11 14:20:00,4.35,12578,United Kingdom
536591,85100,WHITE HANGING HEART,5,2010-03-11 14:20:00,6.3,12578,United Kingdom
536591,85111,WOODLAND CHARLOTTE BAG,2,2010-03-11 14:20:00,9.31,12578,United Kingdom
536591,85104,LUNCH BAG BLACK,9,2010-03-11 14:20:00,5.6,12578,United Kingdom
536592,85100,WHITE HANGING HEART,-1,2010-03-11 17:44:00,6.3,12543,United Kingdom
536592,85101,JUMBO BAG RED,6,2010-03-11 17:44:00,9.32,12543,United Kingdom
536592,85102,REGENCY CAKESTAND,7,2010-03-11 17:44:00,4.35,12543,United Kingdom
536592,85104,LUNCH BAG BLACK,6,2010-03-11 17:44:00,5.6,12543,United Kingdom
536593,85108,RECIPE BOX PANTRY,1,2010-03-11 12:32:00,10.31,12874,France
536594,85111,WOODLAND CHARLOTTE BAG,4,2010-03-12 17:10:00,9.31,12651,United Kingdom
536594,85106,PACK OF 72 CAKE CASES,4,2010-03-12 17:10:00,3.9,12651,United Kingdom
536594,85108,RECIPE BOX PANTRY,1,2010-03-12 17:10:00,10.31,12651,United Kingdom
536595,85108,RECIPE BOX PANTRY,2,2010-03-12 09:30:00,10.31,12782,United Kingdom
536595,85104,LUNCH BAG BLACK,4,2010-03-12 09:30:00,5.6,12782,United Kingdom
536595,85108,RECIPE BOX PANTRY,10,2010-03-12 09:30:00,10.31,12782,United Kingdom
536596,85101,JUMBO BAG RED,3,2010-03-12 15:41:00,9.32,12835,United Kingdom
536596,85102,REGENCY CAKESTAND,8,2010-03-12 15:41:00,4.35,12835,United Kingdom
536596,85111,WOODLAND CHARLOTTE BAG,1,2010-03-12 15:41:00,9.31,12835,United Kingdom
536596,85105,SET OF 6 SPICE TINS,4,2010-03-12 15:41:00,9.18,12835,United Kingdom
536597,85111,WOODLAND CHARLOTTE BAG,9,2010-03-12 15:28:00,9.31,12851,United Kingdom
536597,85103,PARTY BUNTING,8,2010-03-12 15:28:00,11.18,12851,United Kingdom
536597,85100,WHITE HANGING HEART,8,2010-03-12 15:28:00,6.3,12851,United Kingdom
536597,85101,JUMBO BAG RED,3,2010-03-12 15:28:00,9.32,12851,United Kingdom
536598,85111,WOODLAND CHARLOTTE BAG,4,2010-03-12 09:54:00,9.31,12674,Germany
536599,85101,JUMBO BAG RED,1,2010-03-12 14:13:00,9.32,12870,United Kingdom
536600,85101,JUMBO BAG RED,5,2010-03-12 11:28:00,9.32,12564,United Kingdom
536600,85111,WOODLAND CHARLOTTE BAG,6,2010-03-12 11:28:00,9.31,12564,United Kingdom
536600,85100,WHITE HANGING HEART,7,2010-03-12 11:28:00,6.3,12564,United Kingdom
536601,85101,JUMBO BAG RED,4,2010-03-12 12:05:00,9.32,12542,United Kingdom
536601,85100,WHITE HANGING HEART,10,2010-03-12 12:05:00,6.3,12542,United Kingdom
536602,85107,JAM MAKING SET,13,2010-03-12 14:34:00,3.67,12891,France
536603,85111,WOODLAND CHARLOTTE BAG,4,2010-03-12 12:16:00,9.31,12693,United Kingdom
536603,85101,JUMBO BAG RED,8,2010-03-12 12:16:00,9.32,12693,United Kingdom
536604,85104,LUNCH BAG BLACK,3,2010-03-12 11:37:00,5.6,12789,United Kingdom
536605,85101,JUMBO BAG RED,3,2010-03-12 09:14:00,9.32,12761,Germany
536605,85102,REGENCY CAKESTAND,3,2010-03-12 09:14:00,4.35,12761,Germany
536605,85102,REGENCY CAKESTAND,1,2010-03-12 09:14:00,4.35,12761,Germany
536605,85105,SET OF 6 SPICE TINS,1,2010-03-12 09:14:00,9.18,12761,Germany
536606,85103,PARTY BUNTING,4,2010-03-12 17:46:00,11.18,12786,United Kingdom
536606,85101,JUMBO BAG RED,7,2010-03-12 17:46:00,9.32,12786,United Kingdom
536606,85105,SET OF 6 SPICE TINS,4,2010-03-12 17:46:00,9.18,12786,United Kingdom
536606,85101,JUMBO BAG RED,3,2010-03-12 17:46:00,9.32,12786,United Kingdom
536607,85102,REGENCY CAKESTAND,6,2010-03-12 15:20:00,4.35,12671,United Kingdom
536607,85103,PARTY BUNTING,3,2010-03-12 15:20:00,11.18,12671,United Kingdom
536608,85104,LUNCH BAG BLACK,4,2010-03-12 12:21:00,5.6,12572,France
536608,85100,WHITE HANGING HEART,4,2010-03-12 12:21:00,6.3,12572,France
536608,85100,WHITE HANGING HEART,-1,2010-03-12 12:21:00,6.3,12572,France
536608,85101,JUMBO BAG RED,6,2010-03-12 12:21:00,9.32,12572,France
536609,85101,JUMBO BAG RED,1,2010-03-13 16:36:00,9.32,12831,United Kingdom
536609,85100,WHITE HANGING HEART,5,2010-03-13 16:36:00,6.3,12831,United Kingdom
536609,85105,SET OF 6 SPICE TINS,4,2010-03-13 16:36:00,9.18,12831,United Kingdom
536609,85102,REGENCY CAKESTAND,4,2010-03-13 16:36:00,4.35,12831,United Kingdom
536610,85101,JUMBO BAG RED,1,2010-03-13 12:34:00,9.32,12826,United Kingdom
536610,85100,WHITE HANGING HEART,9,2010-03-13 12:34:00,6.3,12826,United Kingdom
536611,85104,LUNCH BAG BLACK,5,2010-03-13 11:00:00,5.6,12629,EIRE
536611,85101,JUMBO BAG RED,8,2010-03-13 11:00:00,9.32,12629,EIRE
536612,85100,WHITE HANGING HEART,8,2010-03-13 13:26:00,6.3,12541,France
536613,85101,JUMBO BAG RED,8,2010-03-15 08:43:00,9.32,12758,United Kingdom
536613,85106,PACK OF 72 CAKE CASES,1,2010-03-15 08:43:00,3.9,12758,United Kingdom
536613,85104,LUNCH BAG BLACK,5,2010-03-15 08:43:00,5.6,12758,United Kingdom
536613,85102,REGENCY CAKESTAND,6,2010-03-15 08:43:00,4.35,12758,United Kingdom
536614,85103,PARTY BUNTING,4,2010-03-15 14:59:00,11.18,12890,Netherlands
536615,85100,WHITE HANGING HEART,5,2010-03-15 09:37:00,6.3,12539,United Kingdom
536615,85108,RECIPE BOX PANTRY,5,2010-03-15 09:37:00,10.31,12539,United Kingdom
536615,85101,JUMBO BAG RED,5,2010-03-15 09:37:00,9.32,12539,United Kingdom
536616,85105,SET OF 6 SPICE TINS,3,2010-03-15 08:19:00,9.18,12728,United Kingdom
536616,85102,REGENCY CAKESTAND,10,2010-03-15 08:19:00,4.35,12728,United Kingdom
536617,85108,RECIPE BOX PANTRY,4,2010-03-15 09:10:00,10.31,12633,United Kingdom
536617,85100,WHITE HANGING HEART,6,2010-03-15 09:10:00,6.3,12633,United Kingdom
536617,85111,WOODLAND CHARLOTTE BAG,8,2010-03-15 09:10:00,9.31,12633,United Kingdom
536618,85111,WOODLAND CHARLOTTE BAG,9,2010-03-15 11:52:00,9.31,12520,Germany
536618,85101,JUMBO BAG RED,5,2010-03-15 11:52:00,9.32,12520,Germany
536619,85100,WHITE HANGING HEART,3,2010-03-15 13:26:00,6.3,12597,Netherlands
536619,85100,WHITE HANGING HEART,7,2010-03-15 13:26:00,6.3,12597,Netherlands
536619,85101,JUMBO BAG RED,11,2010-03-15 13:26:00,9.32,12597,Netherlands
536619,85101,JUMBO BAG RED,7,2010-03-15 13:26:00,9.32,12597,Netherlands
536620,85109,ASSORTED COLOUR BIRD,3,2010-03-15 08:36:00,6.63,12861,United Kingdom
536621,85102,REGENCY CAKESTAND,2,2010-03-15 12:07:00,4.35,12880,United Kingdom
536621,85100,WHITE HANGING HEART,-1,2010-03-15 12:07:00,6.3,12880,United Kingdom
536621,85100,WHITE HANGING HEART,2,2010-03-15 12:07:00,6.3,12880,United Kingdom
536621,85106,PACK OF 72 CAKE CASES,10,2010-03-15 12:07:00,3.9,12880,United Kingdom
536622,85100,WHITE HANGING HEART,8,2010-03-16 08:31:00,6.3,12775,United Kingdom
536623,85100,WHITE HANGING HEART,1,2010-03-16 17:50:00,6.3,12600,France
536623,85111,WOODLAND CHARLOTTE BAG,10,2010-03-16 17:50:00,9.31,12600,France
536624,85100,WHITE HANGING HEART,5,2010-03-16 13:09:00,6.3,12519,United Kingdom
536624,85103,PARTY BUNTING,8,2010-03-16 13:09:00,11.18,12519,United Kingdom
536624,85102,REGENCY CAKESTAND,7,2010-03-16 13:09:00,4.35,12519,United Kingdom
536625,85101,JUMBO BAG RED,8,2010-03-16 08:39:00,9.32,12581,Germany
536625,85105,SET OF 6 SPICE TINS,1,2010-03-16 08:39:00,9.18,12581,Germany
536625,85103,PARTY BUNTING,8,2010-03-16 08:39:00,11.18,12581,Germany
536626,85101,JUMBO BAG RED,11,2010-03-16 12:39:00,9.32,12673,United Kingdom
536626,85104,LUNCH BAG BLACK,4,2010-03-16 12:39:00,5.6,12673,United Kingdom
536626,85105,SET OF 6 SPICE TINS,4,2010-03-16 12:39:00,9.18,12673,United Kingdom
536627,85111,WOODLAND CHARLOTTE BAG,5,2010-03-16 17:16:00,9.31,12503,United Kingdom
536627,85110,PAPER CHAIN KIT,1,2010-03-16 17:16:00,5.67,12503,United Kingdom
536628,85103,PARTY BUNTING,13,2010-03-16 16:17:00,11.18,12875,Netherlands
536628,85108,RECIPE BOX PANTRY,-3,2010-03-16 16:17:00,10.31,12875,Netherlands
536628,85101,JUMBO BAG RED,10,2010-03-16 16:17:00,9.32,12875,Netherlands
536628,85108,RECIPE BOX PANTRY,3,2010-03-16 16:17:00,10.31,12875,Netherlands
536629,85105,SET OF 6 SPICE TINS,5,2010-03-16 14:42:00,9.18,12706,Germany
536629,85101,JUMBO BAG RED,8,2010-03-16 14:42:00,9.32,12706,Germany
536630,85107,JAM MAKING SET,8,2010-03-16 09:31:00,3.67,12723,United Kingdom
536630,85107,JAM MAKING SET,11,2010-03-16 09:31:00,3.67,12723,United Kingdom
536631,85100,WHITE HANGING HEART,6,2010-03-17 17:59:00,6.3,12869,United Kingdom
536632,85104,LUNCH BAG BLACK,4,2010-03-17 17:18:00,5.6,12653,Germany
536632,85100,WHITE HANGING HEART,8,2010-03-17 17:18:00,6.3,12653,Germany
536633,85101,JUMBO BAG RED,12,2010-03-17 14:17:00,9.32,12776,France
536633,85104,LUNCH BAG BLACK,8,2010-03-17 14:17:00,5.6,12776,France
536633,85101,JUMBO BAG RED,5,2010-03-17 14:17:00,9.32,12776,France
536633,85108,RECIPE BOX PANTRY,4,2010-03-17 14:17:00,10.31,12776,France
536634,85105,SET OF 6 SPICE TINS,1,2010-03-17 12:20:00,9.18,12881,United Kingdom
536634,85102,REGENCY CAKESTAND,12,2010-03-17 12:20:00,4.35,12881,United Kingdom
536635,85104,LUNCH BAG BLACK,8,2010-03-17 12:08:00,5.6,12541,United Kingdom
536635,85100,WHITE HANGING HEART,9,2010-03-17 12:08:00,6.3,12541,United Kingdom
536635,85100,WHITE HANGING HEART,6,2010-03-17 12:08:00,6.3,12541,United Kingdom
536635,85102,REGENCY CAKESTAND,6,2010-03-17 12:08:00,4.35,12541,United Kingdom
536636,85100,WHITE HANGING HEART,8,2010-03-17 09:32:00,6.3,12817,United Kingdom
536636,85101,JUMBO BAG RED,2,2010-03-17 09:32:00,9.32,12817,United Kingdom
536637,85100,WHITE HANGING HEART,4,2010-03-17 13:04:00,6.3,12531,United Kingdom
536637,85103,PARTY BUNTING,1,2010-03-17 13:04:00,11.18,12531,United Kingdom
536637,85102,REGENCY CAKESTAND,10,2010-03-17 13:04:00,4.35,12531,United Kingdom
536638,85107,JAM MAKING SET,1,2010-03-17 10:48:00,3.67,12831,United Kingdom
536638,85100,WHITE HANGING HEART,10,2010-03-17 10:48:00,6.3,12831,United Kingdom
536638,85100,WHITE HANGING HEART,10,2010-03-17 10:48:00,6.3,12831,United Kingdom
536638,85101,JUMBO BAG RED,6,2010-03-17 10:48:00,9.32,12831,United Kingdom
536639,85109,ASSORTED COLOUR BIRD,6,2010-03-17 16:23:00,6.63,12689,EIRE
536639,85104,LUNCH BAG BLACK,9,2010-03-17 16:23:00,5.6,12689,EIRE
536639,85108,RECIPE BOX PANTRY,6,2010-03-17 16:23:00,10.31,12689,EIRE
536639,85103,PARTY BUNTING,8,2010-03-17 16:23:00,11.18,12689,EIRE
536640,85102,REGENCY CAKESTAND,7,2010-03-17 15:54:00,4.35,12569,United Kingdom
536640,85101,JUMBO BAG RED,6,2010-03-17 15:54:00,9.32,12569,United Kingdom
536640,85109,ASSORTED COLOUR BIRD,8,2010-03-17 15:54:00,6.63,12569,United Kingdom
536641,85105,SET OF 6 SPICE TINS,7,2010-03-17 13:16:00,9.18,12652,Germany
536641,85101,JUMBO BAG RED,12,2010-03-17 13:16:00,9.32,12652,Germany
536642,85105,SET OF 6 SPICE TINS,5,2010-03-18 11:41:00,9.18,12851,Germany
536642,85105,SET OF 6 SPICE TINS,1,2010-03-18 11:41:00,9.18,12851,Germany
536642,85101,JUMBO BAG RED,1,2010-03-18 11:41:00,9.32,12851,Germany
536643,85107,JAM MAKING SET,4,2010-03-18 13:53:00,3.67,12842,United Kingdom
536643,85100,WHITE HANGING HEART,6,2010-03-18 13:53:00,6.3,12842,United Kingdom
536643,85103,PARTY BUNTING,9,2010-03-18 13:53:00,11.18,12842,United Kingdom
536644,85100,WHITE HANGING HEART,1,2010-03-18 08:03:00,6.3,12728,Germany
536644,85101,JUMBO BAG RED,4,2010-03-18 08:03:00,9.32,12728,Germany
536645,85100,WHITE HANGING HEART,3,2010-03-18 11:27:00,6.3,12773,Netherlands
536645,85109,ASSORTED COLOUR BIRD,6,2010-03-18 11:27:00,6.63,12773,Netherlands
536646,85111,WOODLAND CHARLOTTE BAG,2,2010-03-18 17:01:00,9.31,12651,United Kingdom
536647,85101,JUMBO BAG RED,-3,2010-03-18 12:17:00,9.32,12517,United Kingdom
536647,85104,LUNCH BAG BLACK,11,2010-03-18 12:17:00,5.6,12517,United Kingdom
536648,85100,WHITE HANGING HEART,8,2010-03-18 09:29:00,6.3,12868,Netherlands
536648,85108,RECIPE BOX PANTRY,1,2010-03-18 09:29:00,10.31,12868,Netherlands
536648,85104,LUNCH BAG BLACK,-2,2010-03-18 09:29:00,5.6,12868,Netherlands
536648,85107,JAM MAKING SET,4,2010-03-18 09:29:00,3.67,12868,Netherlands
536649,85103,PARTY BUNTING,8,2010-03-18 12:32:00,11.18,12796,United Kingdom
536650,85104,LUNCH BAG BLACK,3,2010-03-18 08:45:00,5.6,12694,United Kingdom
536650,85111,WOODLAND CHARLOTTE BAG,6,2010-03-18 08:45:00,9.31,12694,United Kingdom
536651,85100,WHITE HANGING HEART,3,2010-03-18 14:01:00,6.3,12822,United Kingdom
536652,85106,PACK OF 72 CAKE CASES,4,2010-03-18 14:33:00,3.9,12710,United Kingdom
536652,85101,JUMBO BAG RED,3,2010-03-18 14:33:00,9.32,12710,United Kingdom
536652,85108,RECIPE BOX PANTRY,1,2010-03-18 14:33:00,10.31,12710,United Kingdom
536652,85105,SET OF 6 SPICE TINS,1,2010-03-18 14:33:00,9.18,12710,United Kingdom
536653,85102,REGENCY CAKESTAND,9,2010-03-18 17:49:00,4.35,12850,United Kingdom
536654,85106,PACK OF 72 CAKE CASES,3,2010-03-18 11:10:00,3.9,12764,Germany
536655,85107,JAM MAKING SET,15,2010-03-19 09:12:00,3.67,12874,United Kingdom
536655,85109,ASSORTED COLOUR BIRD,7,2010-03-19 09:12:00,6.63,12874,United Kingdom
536655,85103,PARTY BUNTING,5,2010-03-19 09:12:00,11.18,12874,United Kingdom
536655,85103,PARTY BUNTING,3,2010-03-19 09:12:00,11.18,12874,United Kingdom
536656,85100,WHITE HANGING HEART,4,2010-03-19 14:42:00,6.3,12538,United Kingdom
536657,85103,PARTY BUNTING,5,2010-03-19 16:47:00,11.18,12519,United Kingdom
536657,85100,WHITE HANGING HEART,6,2010-03-19 16:47:00,6.3,12519,United Kingdom
536658,85102,REGENCY CAKESTAND,10,2010-03-19 14:31:00,4.35,12827,United Kingdom
536658,85100,WHITE HANGING HEART,7,2010-03-19 14:31:00,6.3,12827,United Kingdom
536658,85100,WHITE HANGING HEART,2,2010-03-19 14:31:00,6.3,12827,United Kingdom
536659,85102,REGENCY CAKESTAND,1,2010-03-19 13:16:00,4.35,12567,United Kingdom
536659,85106,PACK OF 72 CAKE CASES,7,2010-03-19 13:16:00,3.9,12567,United Kingdom
536659,85102,REGENCY CAKESTAND,13,2010-03-19 13:16:00,4.35,12567,United Kingdom
536659,85105,SET OF 6 SPICE TINS,8,2010-03-19 13:16:00,9.18,12567,United Kingdom
536660,85102,REGENCY CAKESTAND,6,2010-03-19 14:24:00,4.35,12768,United Kingdom
536661,85101,JUMBO BAG RED,10,2010-03-19 10:11:00,9.32,12690,United Kingdom
536662,85102,REGENCY CAKESTAND,5,2010-03-19 13:20:00,4.35,12536,EIRE
536662,85106,PACK OF 72 CAKE CASES,4,2010-03-19 13:20:00,3.9,12536,EIRE
536663,85101,JUMBO BAG RED,4,2010-03-19 10:13:00,9.32,12729,Germany
536663,85103,PARTY BUNTING,5,2010-03-19 10:13:00,11.18,12729,Germany
536663,85100,WHITE HANGING HEART,6,2010-03-19 10:13:00,6.3,12729,Germany
536663,85110,PAPER CHAIN KIT,3,2010-03-19 10:13:00,5.67,12729,Germany
536664,85104,LUNCH BAG BLACK,6,2010-03-19 15:29:00,5.6,12523,United Kingdom
536664,85107,JAM MAKING SET,7,2010-03-19 15:29:00,3.67,12523,United Kingdom
536664,85100,WHITE HANGING HEART,1,2010-03-19 15:29:00,6.3,12523,United Kingdom
536665,85101,JUMBO BAG RED,10,2010-03-19 14:00:00,9.32,12693,France
536666,85101,JUMBO BAG RED,7,2010-03-19 13:30:00,9.32,12820,United Kingdom
536666,85106,PACK OF 72 CAKE CASES,11,2010-03-19 13:30:00,3.9,12820,United Kingdom
536666,85101,JUMBO BAG RED,6,2010-03-19 13:30:00,9.32,12820,United Kingdom
536666,85100,WHITE HANGING HEART,5,2010-03-19 13:30:00,6.3,12820,United Kingdom
536667,85102,REGENCY CAKESTAND,13,2010-03-19 09:42:00,4.35,12585,EIRE
536667,85100,WHITE HANGING HEART,4,2010-03-19 09:42:00,6.3,12585,EIRE
536668,85108,RECIPE BOX PANTRY,13,2010-03-19 09:11:00,10.31,12868,United Kingdom
536668,85103,PARTY BUNTING,9,2010-03-19 09:11:00,11.18,12868,United Kingdom
536668,85104,LUNCH BAG BLACK,3,2010-03-19 09:11:00,5.6,12868,United Kingdom
536668,85105,SET OF 6 SPICE TINS,4,2010-03-19 09:11:00,9.18,12868,United Kingdom
536669,85104,LUNCH BAG BLACK,13,2010-03-19 16:39:00,5.6,12841,United Kingdom
536669,85101,JUMBO BAG RED,7,2010-03-19 16:39:00,9.32,12841,United Kingdom
536669,85101,JUMBO BAG RED,8,2010-03-19 16:39:00,9.32,12841,United Kingdom
536669,85103,PARTY BUNTING,7,2010-03-19 16:39:00,11.18,12841,United Kingdom
536670,85100,WHITE HANGING HEART,6,2010-03-19 17:25:00,6.3,12609,United Kingdom
536670,85103,PARTY BUNTING,7,2010-03-19 17:25:00,11.18,12609,United Kingdom
536670,85100,WHITE HANGING HEART,1,2010-03-19 17:25:00,6.3,12609,United Kingdom
536670,85103,PARTY BUNTING,5,2010-03-19 17:25:00,11.18,12609,United Kingdom
536671,85105,SET OF 6 SPICE TINS,5,2010-03-19 10:52:00,9.18,12566,United Kingdom
536671,85100,WHITE HANGING HEART,11,2010-03-19 10:52:00,6.3,12566,United Kingdom
536671,85107,JAM MAKING SET,5,2010-03-19 10:52:00,3.67,12566,United Kingdom
536671,85100,WHITE HANGING HEART,2,2010-03-19 10:52:00,6.3,12566,United Kingdom
536672,85103,PARTY BUNTING,3,2010-03-20 10:59:00,11.18,12560,United Kingdom
536673,85105,SET OF 6 SPICE TINS,5,2010-03-20 10:03:00,9.18,12723,France
536673,85105,SET OF 6 SPICE TINS,10,2010-03-20 10:03:00,9.18,12723,France
536674,85101,JUMBO BAG RED,5,2010-03-20 13:44:00,9.32,12693,EIRE
536674,85102,REGENCY CAKESTAND,4,2010-03-20 13:44:00,4.35,12693,EIRE
536674,85100,WHITE HANGING HEART,2,2010-03-20 13:44:00,6.3,12693,EIRE
536675,85100,WHITE HANGING HEART,8,2010-03-20 14:52:00,6.3,12703,Germany
536675,85106,PACK OF 72 CAKE CASES,4,2010-03-20 14:52:00,3.9,12703,Germany
536675,85102,REGENCY CAKESTAND,8,2010-03-20 14:52:00,4.35,12703,Germany
536676,85100,WHITE HANGING HEART,11,2010-03-20 12:39:00,6.3,12895,United Kingdom
536677,85103,PARTY BUNTING,13,2010-03-20 14:28:00,11.18,12831,United Kingdom
536677,85106,PACK OF 72 CAKE CASES,13,2010-03-20 14:28:00,3.9,12831,United Kingdom
536678,85101,JUMBO BAG RED,3,2010-03-20 12:52:00,9.32,12828,EIRE
536678,85105,SET OF 6 SPICE TINS,2,2010-03-20 12:52:00,9.18,12828,EIRE
536678,85100,WHITE HANGING HEART,7,2010-03-20 12:52:00,6.3,12828,EIRE
536678,85102,REGENCY CAKESTAND,11,2010-03-20 12:52:00,4.35,12828,EIRE
536679,85101,JUMBO BAG RED,11,2010-03-20 11:28:00,9.32,12688,United Kingdom
536679,85111,WOODLAND CHARLOTTE BAG,1,2010-03-20 11:28:00,9.31,12688,United Kingdom
536679,85105,SET OF 6 SPICE TINS,10,2010-03-20 11:28:00,9.18,12688,United Kingdom
536680,85101,JUMBO BAG RED,1,2010-03-20 13:41:00,9.32,12517,Netherlands
536680,85105,SET OF 6 SPICE TINS,9,2010-03-20 13:41:00,9.18,12517,Netherlands
536681,85101,JUMBO BAG RED,1,2010-03-22 15:44:00,9.32,12543,United Kingdom
536681,85103,PARTY BUNTING,4,2010-03-22 15:44:00,11.18,12543,United Kingdom
536681,85103,PARTY BUNTING,3,2010-03-22 15:44:00,11.18,12543,United Kingdom
536682,85103,PARTY BUNTING,7,2010-03-22 11:11:00,11.18,12613,United Kingdom
536682,85104,LUNCH BAG BLACK,1,2010-03-22 11:11:00,5.6,12613,United Kingdom
536682,85105,SET OF 6 SPICE TINS,7,2010-03-22 11:11:00,9.18,12613,United Kingdom
536683,85102,REGENCY CAKESTAND,2,2010-03-22 15:41:00,4.35,12805,United Kingdom
536684,85102,REGENCY CAKESTAND,9,2010-03-22 14:41:00,4.35,12761,France
536685,85101,JUMBO BAG RED,1,2010-03-22 11:16:00,9.32,12503,United Kingdom
536685,85102,REGENCY CAKESTAND,4,2010-03-22 11:16:00,4.35,12503,United Kingdom
536686,85101,JUMBO BAG RED,8,2010-03-22 17:42:00,9.32,12674,Germany
536686,85110,PAPER CHAIN KIT,5,2010-03-22 17:42:00,5.67,12674,Germany
536687,85101,JUMBO BAG RED,1,2010-03-22 17:48:00,9.32,12548,United Kingdom
536688,85102,REGENCY CAKESTAND,5,2010-03-22 10:57:00,4.35,12542,United Kingdom
536688,85101,JUMBO BAG RED,4,2010-03-22 10:57:00,9.32,12542,United Kingdom
536688,85108,RECIPE BOX PANTRY,5,2010-03-22 10:57:00,10.31,12542,United Kingdom
536689,85103,PARTY BUNTING,4,2010-03-22 11:21:00,11.18,12798,United Kingdom
536689,85102,REGENCY CAKESTAND,16,2010-03-22 11:21:00,4.35,12798,United Kingdom
536689,85103,PARTY BUNTING,12,2010-03-22 11:21:00,11.18,12798,United Kingdom
536690,85100,WHITE HANGING HEART,2,2010-03-22 15:34:00,6.3,12597,United Kingdom
536690,85108,RECIPE BOX PANTRY,11,2010-03-22 15:34:00,10.31,12597,United Kingdom
536691,85102,REGENCY CAKESTAND,5,2010-03-22 17:09:00,4.35,12880,Germany
536691,85101,JUMBO BAG RED,9,2010-03-22 17:09:00,9.32,12880,Germany
536691,85101,JUMBO BAG RED,8,2010-03-22 17:09:00,9.32,12880,Germany
536691,85110,PAPER CHAIN KIT,10,2010-03-22 17:09:00,5.67,12880,Germany
536692,85105,SET OF 6 SPICE TINS,5,2010-03-22 10:22:00,9.18,12855,France
536692,85100,WHITE HANGING HEART,7,2010-03-22 10:22:00,6.3,12855,France
536693,85103,PARTY BUNTING,-2,2010-03-22 13:03:00,11.18,12803,Germany
536693,85102,REGENCY CAKESTAND,4,2010-03-22 13:03:00,4.35,12803,Germany
536694,85107,JAM MAKING SET,1,2010-03-23 14:06:00,3.67,12900,United Kingdom
536694,85105,SET OF 6 SPICE TINS,1,2010-03-23 14:06:00,9.18,12900,United Kingdom
536694,85100,WHITE HANGING HEART,1,2010-03-23 14:06:00,6.3,12900,United Kingdom
536695,85100,WHITE HANGING HEART,1,2010-03-23 08:52:00,6.3,12715,France
536695,85101,JUMBO BAG RED,7,2010-03-23 08:52:00,9.32,12715,France
536696,85106,PACK OF 72 CAKE CASES,2,2010-03-23 15:20:00,3.9,12558,United Kingdom
536696,85103,PARTY BUNTING,2,2010-03-23 15:20:00,11.18,12558,United Kingdom
536697,85101,JUMBO BAG RED,9,2010-03-23 13:33:00,9.32,12867,United Kingdom
536697,85106,PACK OF 72 CAKE CASES,2,2010-03-23 13:33:00,3.9,12867,United Kingdom
536697,85102,REGENCY CAKESTAND,9,2010-03-23 13:33:00,4.35,12867,United Kingdom
536698,85106,PACK OF 72 CAKE CASES,-3,2010-03-23 13:20:00,3.9,12743,United Kingdom
536698,85101,JUMBO BAG RED,9,2010-03-23 13:20:00,9.32,12743,United Kingdom
536698,85106,PACK OF 72 CAKE CASES,1,2010-03-23 13:20:00,3.9,12743,United Kingdom
536698,85102,REGENCY CAKESTAND,11,2010-03-23 13:20:00,4.35,12743,United Kingdom
536699,85105,SET OF 6 SPICE TINS,7,2010-03-23 14:35:00,9.18,12531,United Kingdom
536699,85101,JUMBO BAG RED,4,2010-03-23 14:35:00,9.32,12531,United Kingdom
536699,85101,JUMBO BAG RED,3,2010-03-23 14:35:00,9.32,12531,United Kingdom
536699,85107,JAM MAKING SET,5,2010-03-23 14:35:00,3.67,12531,United Kingdom
536700,85102,REGENCY CAKESTAND,6,2010-03-23 15:55:00,4.35,12502,Netherlands
536701,85103,PARTY BUNTING,7,2010-03-23 12:55:00,11.18,12635,United Kingdom
536701,85104,LUNCH BAG BLACK,2,2010-03-23 12:55:00,5.6,12635,United Kingdom
536701,85100,WHITE HANGING HEART,8,2010-03-23 12:55:00,6.3,12635,United Kingdom
536702,85109,ASSORTED COLOUR BIRD,10,2010-03-23 16:26:00,6.63,12880,United Kingdom
536702,85103,PARTY BUNTING,1,2010-03-23 16:26:00,11.18,12880,United Kingdom
536703,85102,REGENCY CAKESTAND,3,2010-03-23 15:10:00,4.35,12867,United Kingdom
536703,85102,REGENCY CAKESTAND,10,2010-03-23 15:10:00,4.35,12867,United Kingdom
536703,85103,PARTY BUNTING,5,2010-03-23 15:10:00,11.18,12867,United Kingdom
536703,85102,REGENCY CAKESTAND,5,2010-03-23 15:10:00,4.35,12867,United Kingdom
536704,85100,WHITE HANGING HEART,11,2010-03-23 15:03:00,6.3,12840,United Kingdom
536704,85101,JUMBO BAG RED,5,2010-03-23 15:03:00,9.32,12840,United Kingdom
536704,85100,WHITE HANGING HEART,4,2010-03-23 15:03:00,6.3,12840,United Kingdom
536704,85111,WOODLAND CHARLOTTE BAG,4,2010-03-23 15:03:00,9.31,12840,United Kingdom
536705,85103,PARTY BUNTING,7,2010-03-23 09:34:00,11.18,12712,United Kingdom
536705,85102,REGENCY CAKESTAND,8,2010-03-23 09:34:00,4.35,12712,United Kingdom
536706,85105,SET OF 6 SPICE TINS,13,2010-03-23 12:48:00,9.18,12879,United Kingdom
536706,85105,SET OF 6 SPICE TINS,7,2010-03-23 12:48:00,9.18,12879,United Kingdom
536706,85100,WHITE HANGING HEART,12,2010-03-23 12:48:00,6.3,12879,United Kingdom
536707,85108,RECIPE BOX PANTRY,3,2010-03-23 08:27:00,10.31,12678,EIRE
536707,85100,WHITE HANGING HEART,4,2010-03-23 08:27:00,6.3,12678,EIRE
536708,85100,WHITE HANGING HEART,3,2010-03-23 10:40:00,6.3,12654,United Kingdom
536708,85104,LUNCH BAG BLACK,2,2010-03-23 10:40:00,5.6,12654,United Kingdom
536709,85104,LUNCH BAG BLACK,3,2010-03-23 17:58:00,5.6,12569,United Kingdom
536709,85100,WHITE HANGING HEART,6,2010-03-23 17:58:00,6.3,12569,United Kingdom
536709,85100,WHITE HANGING HEART,9,2010-03-23 17:58:00,6.3,12569,United Kingdom
536709,85108,RECIPE BOX PANTRY,9,2010-03-23 17:58:00,10.31,12569,United Kingdom
536710,85105,SET OF 6 SPICE TINS,1,2010-03-23 11:29:00,9.18,12771,United Kingdom
536710,85102,REGENCY CAKESTAND,1,2010-03-23 11:29:00,4.35,12771,United Kingdom
536710,85100,WHITE HANGING HEART,6,2010-03-23 11:29:00,6.3,12771,United Kingdom
536711,85111,WOODLAND CHARLOTTE BAG,5,2010-03-24 13:40:00,9.31,12605,United Kingdom
536712,85102,REGENCY CAKESTAND,3,2010-03-24 12:51:00,4.35,12755,Germany
536712,85100,WHITE HANGING HEART,3,2010-03-24 12:51:00,6.3,12755,Germany
536713,85103,PARTY BUNTING,6,2010-03-24 09:09:00,11.18,12837,United Kingdom
536714,85102,REGENCY CAKESTAND,9,2010-03-24 08:22:00,4.35,12796,United Kingdom
536715,85107,JAM MAKING SET,6,2010-03-24 13:59:00,3.67,12782,United Kingdom
536715,85101,JUMBO BAG RED,1,2010-03-24 13:59:00,9.32,12782,United Kingdom
536716,85107,JAM MAKING SET,6,2010-03-24 11:13:00,3.67,12797,Netherlands
536716,85108,RECIPE BOX PANTRY,2,2010-03-24 11:13:00,10.31,12797,Netherlands
536716,85108,RECIPE BOX PANTRY,6,2010-03-24 11:13:00,10.31,12797,Netherlands
536716,85102,REGENCY CAKESTAND,6,2010-03-24 11:13:00,4.35,12797,Netherlands
536717,85101,JUMBO BAG RED,1,2010-03-24 08:55:00,9.32,12827,United Kingdom
536717,85106,PACK OF 72 CAKE CASES,11,2010-03-24 08:55:00,3.9,12827,United Kingdom
536717,85100,WHITE HANGING HEART,6,2010-03-24 08:55:00,6.3,12827,United Kingdom
536717,85106,PACK OF 72 CAKE CASES,5,2010-03-24 08:55:00,3.9,12827,United Kingdom
536718,85107,JAM MAKING SET,7,2010-03-24 14:20:00,3.67,12857,France
536718,85101,JUMBO BAG RED,6,2010-03-24 14:20:00,9.32,12857,France
536718,85101,JUMBO BAG RED,9,2010-03-24 14:20:00,9.32,12857,France
536719,85100,WHITE HANGING HEART,1,2010-03-24 09:31:00,6.3,12863,United Kingdom
536719,85108,RECIPE BOX PANTRY,4,2010-03-24 09:31:00,10.31,12863,United Kingdom
536720,85106,PACK OF 72 CAKE CASES,4,2010-03-24 17:03:00,3.9,12690,United Kingdom
536720,85102,REGENCY CAKESTAND,7,2010-03-24 17:03:00,4.35,12690,United Kingdom
536720,85101,JUMBO BAG RED,8,2010-03-24 17:03:00,9.32,12690,United Kingdom
536721,85110,PAPER CHAIN KIT,3,2010-03-24 08:53:00,5.67,12638,France
536722,85107,JAM MAKING SET,6,2010-03-24 16:42:00,3.67,12708,United Kingdom
536722,85111,WOODLAND CHARLOTTE BAG,10,2010-03-24 16:42:00,9.31,12708,United Kingdom
536722,85100,WHITE HANGING HEART,2,2010-03-24 16:42:00,6.3,12708,United Kingdom
536722,85100,WHITE HANGING HEART,1,2010-03-24 16:42:00,6.3,12708,United Kingdom
536723,85101,JUMBO BAG RED,4,2010-03-25 14:28:00,9.32,12686,Netherlands
536723,85103,PARTY BUNTING,3,2010-03-25 14:28:00,11.18,12686,Netherlands
536723,85101,JUMBO BAG RED,7,2010-03-25 14:28:00,9.32,12686,Netherlands
536723,85101,JUMBO BAG RED,12,2010-03-25 14:28:00,9.32,12686,Netherlands
536724,85100,WHITE HANGING HEART,9,2010-03-25 17:12:00,6.3,12886,Netherlands
536725,85105,SET OF 6 SPICE TINS,5,2010-03-25 13:32:00,9.18,12720,United Kingdom
536725,85106,PACK OF 72 CAKE CASES,13,2010-03-25 13:32:00,3.9,12720,United Kingdom
536725,85108,RECIPE BOX PANTRY,6,2010-03-25 13:32:00,10.31,12720,United Kingdom
536726,85111,WOODLAND CHARLOTTE BAG,6,2010-03-25 08:21:00,9.31,12700,United Kingdom
536726,85111,WOODLAND CHARLOTTE BAG,1,2010-03-25 08:21:00,9.31,12700,United Kingdom
536726,85102,REGENCY CAKESTAND,7,2010-03-25 08:21:00,4.35,12700,United Kingdom
536727,85100,WHITE HANGING HEART,3,2010-03-25 09:51:00,6.3,12709,United Kingdom
536728,85108,RECIPE BOX PANTRY,2,2010-03-25 10:22:00,10.31,12837,United Kingdom
536728,85101,JUMBO BAG RED,3,2010-03-25 10:22:00,9.32,12837,United Kingdom
536728,85103,PARTY BUNTING,5,2010-03-25 10:22:00,11.18,12837,United Kingdom
536728,85105,SET OF 6 SPICE TINS,2,2010-03-25 10:22:00,9.18,12837,United Kingdom
536729,85101,JUMBO BAG RED,9,2010-03-25 11:47:00,9.32,12529,France
536730,85100,WHITE HANGING HEART,6,2010-03-25 14:47:00,6.3,12718,United Kingdom
536730,85104,LUNCH BAG BLACK,1,2010-03-25 14:47:00,5.6,12718,United Kingdom
536730,85104,LUNCH BAG BLACK,11,2010-03-25 14:47:00,5.6,12718,United Kingdom
536731,85107,JAM MAKING SET,12,2010-03-25 15:46:00,3.67,12894,EIRE
536732,85103,PARTY BUNTING,14,2010-03-25 13:49:00,11.18,12768,United Kingdom
536733,85101,JUMBO BAG RED,1,2010-03-25 16:06:00,9.32,12553,United Kingdom
536733,85100,WHITE HANGING HEART,5,2010-03-25 16:06:00,6.3,12553,United Kingdom
536733,85102,REGENCY CAKESTAND,4,2010-03-25 16:06:00,4.35,12553,United Kingdom
536734,85102,REGENCY CAKESTAND,8,2010-03-25 10:54:00,4.35,12821,United Kingdom
536734,85106,PACK OF 72 CAKE CASES,5,2010-03-25 10:54:00,3.9,12821,United Kingdom
536734,85101,JUMBO BAG RED,8,2010-03-25 10:54:00,9.32,12821,United Kingdom
536734,85104,LUNCH BAG BLACK,2,2010-03-25 10:54:00,5.6,12821,United Kingdom
536735,85109,ASSORTED COLOUR BIRD,5,2010-03-25 14:20:00,6.63,12690,United Kingdom
536735,85103,PARTY BUNTING,4,2010-03-25 14:20:00,11.18,12690,United Kingdom
536736,85102,REGENCY CAKESTAND,12,2010-03-25 17:24:00,4.35,12801,United Kingdom
536737,85104,LUNCH BAG BLACK,1,2010-03-25 10:05:00,5.6,12669,United Kingdom
536737,85104,LUNCH BAG BLACK,1,2010-03-25 10:05:00,5.6,12669,United Kingdom
536737,85103,PARTY BUNTING,4,2010-03-25 10:05:00,11.18,12669,United Kingdom
536737,85102,REGENCY CAKESTAND,3,2010-03-25 10:05:00,4.35,12669,United Kingdom
536738,85103,PARTY BUNTING,11,2010-03-25 10:45:00,11.18,12672,United Kingdom
536738,85100,WHITE HANGING HEART,5,2010-03-25 10:45:00,6.3,12672,United Kingdom
536738,85104,LUNCH BAG BLACK,11,2010-03-25 10:45:00,5.6,12672,United Kingdom
536739,85110,PAPER CHAIN KIT,14,2010-03-25 12:42:00,5.67,12624,United Kingdom
536739,85105,SET OF 6 SPICE TINS,3,2010-03-25 12:42:00,9.18,12624,United Kingdom
536739,85105,SET OF 6 SPICE TINS,4,2010-03-25 12:42:00,9.18,12624,United Kingdom
536739,85100,WHITE HANGING HEART,-1,2010-03-25 12:42:00,6.3,12624,United Kingdom
536740,85110,PAPER CHAIN KIT,6,2010-03-26 09:56:00,5.67,12623,United Kingdom
536740,85102,REGENCY CAKESTAND,3,2010-03-26 09:56:00,4.35,12623,United Kingdom
536740,85108,RECIPE BOX PANTRY,8,2010-03-26 09:56:00,10.31,12623,United Kingdom
536740,85102,REGENCY CAKESTAND,1,2010-03-26 09:56:00,4.35,12623,United Kingdom
536741,85101,JUMBO BAG RED,2,2010-03-26 09:08:00,9.32,12874,United Kingdom
536741,85103,PARTY BUNTING,-3,2010-03-26 09:08:00,11.18,12874,United Kingdom
536742,85101,JUMBO BAG RED,1,2010-03-26 11:35:00,9.32,12821,Germany
536742,85100,WHITE HANGING HEART,5,2010-03-26 11:35:00,6.3,12821,Germany
536742,85106,PACK OF 72 CAKE CASES,4,2010-03-26 11:35:00,3.9,12821,Germany
536742,85104,LUNCH BAG BLACK,8,2010-03-26 11:35:00,5.6,12821,Germany
536743,85107,JAM MAKING SET,4,2010-03-26 13:21:00,3.67,12644,Netherlands
536743,85100,WHITE HANGING HEART,9,2010-03-26 13:21:00,6.3,12644,Netherlands
536744,85104,LUNCH BAG BLACK,9,2010-03-26 17:52:00,5.6,12532,United Kingdom
536744,85108,RECIPE BOX PANTRY,3,2010-03-26 17:52:00,10.31,12532,United Kingdom
536744,85107,JAM MAKING SET,8,2010-03-26 17:52:00,3.67,12532,United Kingdom
536745,85104,LUNCH BAG BLACK,13,2010-03-26 10:11:00,5.6,12550,United Kingdom
536745,85100,WHITE HANGING HEART,1,2010-03-26 10:11:00,6.3,12550,United Kingdom
536745,85101,JUMBO BAG RED,1,2010-03-26 10:11:00,9.32,12550,United Kingdom
536745,85103,PARTY BUNTING,1,2010-03-26 10:11:00,11.18,12550,United Kingdom
536746,85109,ASSORTED COLOUR BIRD,6,2010-03-26 08:56:00,6.63,12806,United Kingdom
536746,85100,WHITE HANGING HEART,9,2010-03-26 08:56:00,6.3,12806,United Kingdom
536746,85108,RECIPE BOX PANTRY,5,2010-03-26 08:56:00,10.31,12806,United Kingdom
536746,85106,PACK OF 72 CAKE CASES,2,2010-03-26 08:56:00,3.9,12806,United Kingdom
536747,85107,JAM MAKING SET,4,2010-03-26 12:31:00,3.67,12554,Germany
536747,85104,LUNCH BAG BLACK,3,2010-03-26 12:31:00,5.6,12554,Germany
536747,85107,JAM MAKING SET,4,2010-03-26 12:31:00,3.67,12554,Germany
536747,85100,WHITE HANGING HEART,11,2010-03-26 12:31:00,6.3,12554,Germany
536748,85100,WHITE HANGING HEART,4,2010-03-26 15:56:00,6.3,12500,EIRE
536748,85102,REGENCY CAKESTAND,5,2010-03-26 15:56:00,4.35,12500,EIRE
536748,85105,SET OF 6 SPICE TINS,5,2010-03-26 15:56:00,9.18,12500,EIRE
536748,85108,RECIPE BOX PANTRY,5,2010-03-26 15:56:00,10.31,12500,EIRE
536749,85100,WHITE HANGING HEART,4,2010-03-26 15:28:00,6.3,12688,France
536749,85104,LUNCH BAG BLACK,8,2010-03-26 15:28:00,5.6,12688,France
536749,85104,LUNCH BAG BLACK,3,2010-03-26 15:28:00,5.6,12688,France
536749,85101,JUMBO BAG RED,5,2010-03-26 15:28:00,9.32,12688,France
536750,85103,PARTY BUNTING,4,2010-03-26 12:10:00,11.18,12834,United Kingdom
536750,85100,WHITE HANGING HEART,9,2010-03-26 12:10:00,6.3,12834,United Kingdom
536750,85101,JUMBO BAG RED,14,2010-03-26 12:10:00,9.32,12834,United Kingdom
536750,85108,RECIPE BOX PANTRY,-2,2010-03-26 12:10:00,10.31,12834,United Kingdom
536751,85101,JUMBO BAG RED,5,2010-03-26 10:12:00,9.32,12814,United Kingdom
536751,85107,JAM MAKING SET,1,2010-03-26 10:12:00,3.67,12814,United Kingdom
536751,85103,PARTY BUNTING,6,2010-03-26 10:12:00,11.18,12814,United Kingdom
536751,85102,REGENCY CAKESTAND,12,2010-03-26 10:12:00,4.35,12814,United Kingdom
536752,85108,RECIPE BOX PANTRY,10,2010-03-26 11:56:00,10.31,12733,United Kingdom
536752,85102,REGENCY CAKESTAND,1,2010-03-26 11:56:00,4.35,12733,United Kingdom
536752,85107,JAM MAKING SET,10,2010-03-26 11:56:00,3.67,12733,United Kingdom
536753,85107,JAM MAKING SET,5,2010-03-27 14:16:00,3.67,12800,United Kingdom
536753,85103,PARTY BUNTING,15,2010-03-27 14:16:00,11.18,12800,United Kingdom
536753,85103,PARTY BUNTING,8,2010-03-27 14:16:00,11.18,12800,United Kingdom
536754,85100,WHITE HANGING HEART,3,2010-03-27 16:13:00,6.3,12757,United Kingdom
536754,85101,JUMBO BAG RED,11,2010-03-27 16:13:00,9.32,12757,United Kingdom
536754,85102,REGENCY CAKESTAND,3,2010-03-27 16:13:00,4.35,12757,United Kingdom
536755,85104,LUNCH BAG BLACK,7,2010-03-27 13:28:00,5.6,12867,United Kingdom
536755,85102,REGENCY CAKESTAND,12,2010-03-27 13:28:00,4.35,12867,United Kingdom
536755,85101,JUMBO BAG RED,11,2010-03-27 13:28:00,9.32,12867,United Kingdom
536756,85101,JUMBO BAG RED,8,2010-03-27 16:16:00,9.32,12872,United Kingdom
536756,85100,WHITE HANGING HEART,7,2010-03-27 16:16:00,6.3,12872,United Kingdom
536757,85103,PARTY BUNTING,2,2010-03-27 08:02:00,11.18,12677,United Kingdom
536758,85110,PAPER CHAIN KIT,3,2010-03-27 11:26:00,5.67,12568,Netherlands
536759,85100,WHITE HANGING HEART,4,2010-03-27 11:38:00,6.3,12563,EIRE
536759,85101,JUMBO BAG RED,8,2010-03-27 11:38:00,9.32,12563,EIRE
536760,85101,JUMBO BAG RED,5,2010-03-27 09:24:00,9.32,12876,United Kingdom
536760,85100,WHITE HANGING HEART,10,2010-03-27 09:24:00,6.3,12876,United Kingdom
536761,85105,SET OF 6 SPICE TINS,6,2010-03-27 14:09:00,9.18,12665,United Kingdom
536761,85102,REGENCY CAKESTAND,1,2010-03-27 14:09:00,4.35,12665,United Kingdom
536761,85101,JUMBO BAG RED,5,2010-03-27 14:09:00,9.32,12665,United Kingdom
536761,85100,WHITE HANGING HEART,6,2010-03-27 14:09:00,6.3,12665,United Kingdom
536762,85110,PAPER CHAIN KIT,7,2010-03-27 11:46:00,5.67,12724,EIRE
536762,85101,JUMBO BAG RED,7,2010-03-27 11:46:00,9.32,12724,EIRE
536763,85104,LUNCH BAG BLACK,1,2010-03-29 15:17:00,5.6,12634,United Kingdom
536763,85108,RECIPE BOX PANTRY,9,2010-03-29 15:17:00,10.31,12634,United Kingdom
536763,85101,JUMBO BAG RED,2,2010-03-29 15:17:00,9.32,12634,United Kingdom
536763,85105,SET OF 6 SPICE TINS,4,2010-03-29 15:17:00,9.18,12634,United Kingdom
536764,85108,RECIPE BOX PANTRY,7,2010-03-29 11:49:00,10.31,12654,United Kingdom
536764,85101,JUMBO BAG RED,1,2010-03-29 11:49:00,9.32,12654,United Kingdom
536764,85100,WHITE HANGING HEART,7,2010-03-29 11:49:00,6.3,12654,United Kingdom
536764,85102,REGENCY CAKESTAND,4,2010-03-29 11:49:00,4.35,12654,United Kingdom
536765,85105,SET OF 6 SPICE TINS,2,2010-03-29 12:32:00,9.18,12540,United Kingdom
536765,85103,PARTY BUNTING,9,2010-03-29 12:32:00,11.18,12540,United Kingdom
536765,85111,WOODLAND CHARLOTTE BAG,1,2010-03-29 12:32:00,9.31,12540,United Kingdom
536766,85103,PARTY BUNTING,2,2010-03-29 15:47:00,11.18,12697,United Kingdom
536766,85105,SET OF 6 SPICE TINS,6,2010-03-29 15:47:00,9.18,12697,United Kingdom
536767,85100,WHITE HANGING HEART,9,2010-03-29 14:04:00,6.3,12847,United Kingdom
536767,85102,REGENCY CAKESTAND,6,2010-03-29 14:04:00,4.35,12847,United Kingdom
536767,85102,REGENCY CAKESTAND,7,2010-03-29 14:04:00,4.35,12847,United Kingdom
536767,85104,LUNCH BAG BLACK,2,2010-03-29 14:04:00,5.6,12847,United Kingdom
536768,85105,SET OF 6 SPICE TINS,4,2010-03-29 10:05:00,9.18,12799,United Kingdom
536768,85102,REGENCY CAKESTAND,3,2010-03-29 10:05:00,4.35,12799,United Kingdom
536769,85100,WHITE HANGING HEART,7,2010-03-29 17:02:00,6.3,12684,United Kingdom
536769,85101,JUMBO BAG RED,7,2010-03-29 17:02:00,9.32,12684,United Kingdom
536769,85103,PARTY BUNTING,1,2010-03-29 17:02:00,11.18,12684,United Kingdom
536770,85103,PARTY BUNTING,5,2010-03-29 09:09:00,11.18,12835,United Kingdom
536770,85100,WHITE HANGING HEART,1,2010-03-29 09:09:00,6.3,12835,United Kingdom
536770,85104,LUNCH BAG BLACK,7,2010-03-29 09:09:00,5.6,12835,United Kingdom
536770,85100,WHITE HANGING HEART,10,2010-03-29 09:09:00,6.3,12835,United Kingdom
536771,85102,REGENCY CAKESTAND,11,2010-03-29 09:33:00,4.35,12636,United Kingdom
536771,85101,JUMBO BAG RED,7,2010-03-29 09:33:00,9.32,12636,United Kingdom
536771,85111,WOODLAND CHARLOTTE BAG,5,2010-03-29 09:33:00,9.31,12636,United Kingdom
536771,85101,JUMBO BAG RED,10,2010-03-29 09:33:00,9.32,12636,United Kingdom
536772,85104,LUNCH BAG BLACK,8,2010-03-29 09:06:00,5.6,12681,United Kingdom
536772,85101,JUMBO BAG RED,3,2010-03-29 09:06:00,9.32,12681,United Kingdom
536772,85102,REGENCY CAKESTAND,7,2010-03-29 09:06:00,4.35,12681,United Kingdom
536772,85103,PARTY BUNTING,4,2010-03-29 09:06:00,11.18,12681,United Kingdom
536773,85108,RECIPE BOX PANTRY,4,2010-03-30 12:50:00,10.31,12804,United Kingdom
536773,85101,JUMBO BAG RED,3,2010-03-30 12:50:00,9.32,12804,United Kingdom
536773,85100,WHITE HANGING HEART,5,2010-03-30 12:50:00,6.3,12804,United Kingdom
536774,85100,WHITE HANGING HEART,7,2010-03-30 11:59:00,6.3,12662,United Kingdom
536774,85106,PACK OF 72 CAKE CASES,1,2010-03-30 11:59:00,3.9,12662,United Kingdom
536775,85100,WHITE HANGING HEART,6,2010-03-30 16:54:00,6.3,12701,United Kingdom
536775,85105,SET OF 6 SPICE TINS,7,2010-03-30 16:54:00,9.18,12701,United Kingdom
536775,85103,PARTY BUNTING,10,2010-03-30 16:54:00,11.18,12701,United Kingdom
536776,85110,PAPER CHAIN KIT,7,2010-03-30 13:40:00,5.67,12547,EIRE
536776,85100,WHITE HANGING HEART,2,2010-03-30 13:40:00,6.3,12547,EIRE
536776,85106,PACK OF 72 CAKE CASES,10,2010-03-30 13:40:00,3.9,12547,EIRE
536777,85102,REGENCY CAKESTAND,1,2010-03-30 14:58:00,4.35,12706,United Kingdom
536777,85107,JAM MAKING SET,2,2010-03-30 14:58:00,3.67,12706,United Kingdom
536778,85111,WOODLAND CHARLOTTE BAG,8,2010-03-30 10:54:00,9.31,12708,United Kingdom
536778,85101,JUMBO BAG RED,4,2010-03-30 10:54:00,9.32,12708,United Kingdom
536779,85103,PARTY BUNTING,8,2010-03-30 16:37:00,11.18,12780,United Kingdom
536779,85103,PARTY BUNTING,8,2010-03-30 16:37:00,11.18,12780,United Kingdom
536780,85101,JUMBO BAG RED,1,2010-03-30 09:56:00,9.32,12504,United Kingdom
536780,85108,RECIPE BOX PANTRY,6,2010-03-30 09:56:00,10.31,12504,United Kingdom
536780,85104,LUNCH BAG BLACK,14,2010-03-30 09:56:00,5.6,12504,United Kingdom
536780,85100,WHITE HANGING HEART,6,2010-03-30 09:56:00,6.3,12504,United Kingdom
536781,85100,WHITE HANGING HEART,7,2010-03-30 13:57:00,6.3,12591,United Kingdom
536781,85101,JUMBO BAG RED,3,2010-03-30 13:57:00,9.32,12591,United Kingdom
536781,85101,JUMBO BAG RED,3,2010-03-30 13:57:00,9.32,12591,United Kingdom
536782,85101,JUMBO BAG RED,2,2010-03-30 15:25:00,9.32,12703,United Kingdom
536782,85100,WHITE HANGING HEART,7,2010-03-30 15:25:00,6.3,12703,United Kingdom
536783,85101,JUMBO BAG RED,11,2010-03-30 15:27:00,9.32,12830,EIRE
536783,85105,SET OF 6 SPICE TINS,5,2010-03-30 15:27:00,9.18,12830,EIRE
536783,85105,SET OF 6 SPICE TINS,7,2010-03-30 15:27:00,9.18,12830,EIRE
536783,85109,ASSORTED COLOUR BIRD,2,2010-03-30 15:27:00,6.63,12830,EIRE
536784,85105,SET OF 6 SPICE TINS,8,2010-03-30 17:18:00,9.18,12652,United Kingdom
536784,85103,PARTY BUNTING,10,2010-03-30 17:18:00,11.18,12652,United Kingdom
536784,85103,PARTY BUNTING,8,2010-03-30 17:18:00,11.18,12652,United Kingdom
536785,85103,PARTY BUNTING,1,2010-03-30 16:51:00,11.18,12836,United Kingdom
536785,85101,JUMBO BAG RED,1,2010-03-30 16:51:00,9.32,12836,United Kingdom
536785,85103,PARTY BUNTING,1,2010-03-30 16:51:00,11.18,12836,United Kingdom
536785,85100,WHITE HANGING HEART,7,2010-03-30 16:51:00,6.3,12836,United Kingdom
536786,85111,WOODLAND CHARLOTTE BAG,4,2010-03-31 16:08:00,9.31,12874,EIRE
536786,85101,JUMBO BAG RED,2,2010-03-31 16:08:00,9.32,12874,EIRE
536786,85106,PACK OF 72 CAKE CASES,4,2010-03-31 16:08:00,3.9,12874,EIRE
536787,85103,PARTY BUNTING,2,2010-03-31 16:06:00,11.18,12723,United Kingdom
536787,85105,SET OF 6 SPICE TINS,3,2010-03-31 16:06:00,9.18,12723,United Kingdom
536787,85100,WHITE HANGING HEART,9,2010-03-31 16:06:00,6.3,12723,United Kingdom
536787,85102,REGENCY CAKESTAND,5,2010-03-31 16:06:00,4.35,12723,United Kingdom
536788,85103,PARTY BUNTING,3,2010-03-31 15:09:00,11.18,12877,United Kingdom
536789,85101,JUMBO BAG RED,3,2010-03-31 10:55:00,9.32,12535,United Kingdom
536789,85110,PAPER CHAIN KIT,1,2010-03-31 10:55:00,5.67,12535,United Kingdom
536789,85108,RECIPE BOX PANTRY,5,2010-03-31 10:55:00,10.31,12535,United Kingdom
536789,85108,RECIPE BOX PANTRY,10,2010-03-31 10:55:00,10.31,12535,United Kingdom
536790,85110,PAPER CHAIN KIT,2,2010-03-31 11:13:00,5.67,12618,United Kingdom
536790,85100,WHITE HANGING HEART,3,2010-03-31 11:13:00,6.3,12618,United Kingdom
536790,85101,JUMBO BAG RED,4,2010-03-31 11:13:00,9.32,12618,United Kingdom
536791,85104,LUNCH BAG BLACK,4,2010-03-31 12:55:00,5.6,12880,United Kingdom
536792,85107,JAM MAKING SET,10,2010-03-31 16:53:00,3.67,12763,United Kingdom
536792,85100,WHITE HANGING HEART,8,2010-03-31 16:53:00,6.3,12763,United Kingdom
536792,85100,WHITE HANGING HEART,1,2010-03-31 16:53:00,6.3,12763,United Kingdom
536792,85101,JUMBO BAG RED,6,2010-03-31 16:53:00,9.32,12763,United Kingdom
536793,85100,WHITE HANGING HEART,5,2010-03-31 14:02:00,6.3,12506,United Kingdom
536794,85110,PAPER CHAIN KIT,2,2010-03-31 17:01:00,5.67,12607,United Kingdom
536794,85107,JAM MAKING SET,10,2010-03-31 17:01:00,3.67,12607,United Kingdom
536794,85100,WHITE HANGING HEART,10,2010-03-31 17:01:00,6.3,12607,United Kingdom
536795,85104,LUNCH BAG BLACK,4,2010-03-31 17:58:00,5.6,12796,Germany
536795,85108,RECIPE BOX PANTRY,5,2010-03-31 17:58:00,10.31,12796,Germany
536796,85100,WHITE HANGING HEART,11,2010-03-31 15:03:00,6.3,12580,United Kingdom
536796,85100,WHITE HANGING HEART,2,2010-03-31 15:03:00,6.3,12580,United Kingdom
536796,85107,JAM MAKING SET,6,2010-03-31 15:03:00,3.67,12580,United Kingdom
536796,85107,JAM MAKING SET,6,2010-03-31 15:03:00,3.67,12580,United Kingdom
536797,85104,LUNCH BAG BLACK,5,2010-03-31 16:27:00,5.6,12833,United Kingdom
536797,85100,WHITE HANGING HEART,1,2010-03-31 16:27:00,6.3,12833,United Kingdom
536797,85101,JUMBO BAG RED,1,2010-03-31 16:27:00,9.32,12833,United Kingdom
536797,85108,RECIPE BOX PANTRY,1,2010-03-31 16:27:00,10.31,12833,United Kingdom
536798,85105,SET OF 6 SPICE TINS,1,2010-03-31 10:28:00,9.18,12812,EIRE
536799,85101,JUMBO BAG RED,-2,2010-03-31 13:33:00,9.32,12746,United Kingdom
536799,85101,JUMBO BAG RED,7,2010-03-31 13:33:00,9.32,12746,United Kingdom
536799,85101,JUMBO BAG RED,5,2010-03-31 13:33:00,9.32,12746,United Kingdom
536800,85106,PACK OF 72 CAKE CASES,7,2010-04-01 13:25:00,3.9,12744,United Kingdom
536800,85105,SET OF 6 SPICE TINS,14,2010-04-01 13:25:00,9.18,12744,United Kingdom
536801,85111,WOODLAND CHARLOTTE BAG,3,2010-04-01 08:52:00,9.31,12777,Netherlands
536801,85102,REGENCY CAKESTAND,15,2010-04-01 08:52:00,4.35,12777,Netherlands
536802,85100,WHITE HANGING HEART,8,2010-04-01 15:17:00,6.3,12667,United Kingdom
536802,85111,WOODLAND CHARLOTTE BAG,8,2010-04-01 15:17:00,9.31,12667,United Kingdom
536802,85104,LUNCH BAG BLACK,15,2010-04-01 15:17:00,5.6,12667,United Kingdom
536802,85104,LUNCH BAG BLACK,9,2010-04-01 15:17:00,5.6,12667,United Kingdom
536803,85100,WHITE HANGING HEART,3,2010-04-01 15:31:00,6.3,12743,United Kingdom
536803,85101,JUMBO BAG RED,12,2010-04-01 15:31:00,9.32,12743,United Kingdom
536803,85110,PAPER CHAIN KIT,8,2010-04-01 15:31:00,5.67,12743,United Kingdom
536804,85101,JUMBO BAG RED,1,2010-04-01 13:38:00,9.32,12709,United Kingdom
536804,85102,REGENCY CAKESTAND,8,2010-04-01 13:38:00,4.35,12709,United Kingdom
536805,85102,REGENCY CAKESTAND,14,2010-04-01 12:58:00,4.35,12502,United Kingdom
536805,85109,ASSORTED COLOUR BIRD,7,2010-04-01 12:58:00,6.63,12502,United Kingdom
536806,85102,REGENCY CAKESTAND,10,2010-04-01 11:06:00,4.35,12632,France
536806,85100,WHITE HANGING HEART,3,2010-04-01 11:06:00,6.3,12632,France
536807,85100,WHITE HANGING HEART,1,2010-04-01 14:46:00,6.3,12758,United Kingdom
536808,85104,LUNCH BAG BLACK,2,2010-04-02 10:08:00,5.6,12866,EIRE
536809,85100,WHITE HANGING HEART,9,2010-04-02 10:34:00,6.3,12673,United Kingdom
536810,85107,JAM MAKING SET,4,2010-04-02 15:12:00,3.67,12851,United Kingdom
536810,85108,RECIPE BOX PANTRY,9,2010-04-02 15:12:00,10.31,12851,United Kingdom
536810,85104,LUNCH BAG BLACK,12,2010-04-02 15:12:00,5.6,12851,United Kingdom
536811,85101,JUMBO BAG RED,1,2010-04-02 09:20:00,9.32,12542,United Kingdom
536811,85104,LUNCH BAG BLACK,5,2010-04-02 09:20:00,5.6,12542,United Kingdom
536811,85102,REGENCY CAKESTAND,6,2010-04-02 09:20:00,4.35,12542,United Kingdom
536812,85106,PACK OF 72 CAKE CASES,16,2010-04-02 09:10:00,3.9,12603,United Kingdom
536812,85101,JUMBO BAG RED,1,2010-04-02 09:10:00,9.32,12603,United Kingdom
536813,85106,PACK OF 72 CAKE CASES,1,2010-04-02 16:29:00,3.9,12862,United Kingdom
536813,85108,RECIPE BOX PANTRY,6,2010-04-02 16:29:00,10.31,12862,United Kingdom
536813,85105,SET OF 6 SPICE TINS,4,2010-04-02 16:29:00,9.18,12862,United Kingdom
536813,85106,PACK OF 72 CAKE CASES,2,2010-04-02 16:29:00,3.9,12862,United Kingdom
536814,85104,LUNCH BAG BLACK,4,2010-04-02 08:52:00,5.6,12726,United Kingdom
536814,85108,RECIPE BOX PANTRY,1,2010-04-02 08:52:00,10.31,12726,United Kingdom
536814,85102,REGENCY CAKESTAND,9,2010-04-02 08:52:00,4.35,12726,United Kingdom
536814,85107,JAM MAKING SET,1,2010-04-02 08:52:00,3.67,12726,United Kingdom
536815,85102,REGENCY CAKESTAND,8,2010-04-02 16:06:00,4.35,12796,Netherlands
536815,85105,SET OF 6 SPICE TINS,1,2010-04-02 16:06:00,9.18,12796,Netherlands
536815,85102,REGENCY CAKESTAND,3,2010-04-02 16:06:00,4.35,12796,Netherlands
536815,85103,PARTY BUNTING,8,2010-04-02 16:06:00,11.18,12796,Netherlands
536816,85101,JUMBO BAG RED,16,2010-04-02 15:35:00,9.32,12733,United Kingdom
536816,85109,ASSORTED COLOUR BIRD,2,2010-04-02 15:35:00,6.63,12733,United Kingdom
536816,85100,WHITE HANGING HEART,8,2010-04-02 15:35:00,6.3,12733,United Kingdom
536817,85100,WHITE HANGING HEART,8,2010-04-02 17:45:00,6.3,12671,United Kingdom
536817,85100,WHITE HANGING HEART,10,2010-04-02 17:45:00,6.3,12671,United Kingdom
536817,85110,PAPER CHAIN KIT,5,2010-04-02 17:45:00,5.67,12671,United Kingdom
536818,85109,ASSORTED COLOUR BIRD,2,2010-04-02 09:07:00,6.63,12730,Germany
536818,85108,RECIPE BOX PANTRY,7,2010-04-02 09:07:00,10.31,12730,Germany
536819,85100,WHITE HANGING HEART,6,2010-04-02 08:00:00,6.3,12817,United Kingdom
536819,85100,WHITE HANGING HEART,4,2010-04-02 08:00:00,6.3,12817,United Kingdom
536819,85108,RECIPE BOX PANTRY,8,2010-04-02 08:00:00,10.31,12817,United Kingdom
536820,85100,WHITE HANGING HEART,8,2010-04-02 09:12:00,6.3,12749,Germany
536821,85100,WHITE HANGING HEART,2,2010-04-02 09:25:00,6.3,12739,United Kingdom
536821,85103,PARTY BUNTING,13,2010-04-02 09:25:00,11.18,12739,United Kingdom
536821,85108,RECIPE BOX PANTRY,1,2010-04-02 09:25:00,10.31,12739,United Kingdom
536822,85105,SET OF 6 SPICE TINS,12,2010-04-03 08:12:00,9.18,12608,United Kingdom
536822,85106,PACK OF 72 CAKE CASES,8,2010-04-03 08:12:00,3.9,12608,United Kingdom
536823,85108,RECIPE BOX PANTRY,3,2010-04-03 16:53:00,10.31,12707,United Kingdom
536823,85102,REGENCY CAKESTAND,4,2010-04-03 16:53:00,4.35,12707,United Kingdom
536823,85108,RECIPE BOX PANTRY,4,2010-04-03 16:53:00,10.31,12707,United Kingdom
536824,85101,JUMBO BAG RED,4,2010-04-03 09:29:00,9.32,12567,United Kingdom
536825,85106,PACK OF 72 CAKE CASES,6,2010-04-03 13:43:00,3.9,12525,United Kingdom
536825,85102,REGENCY CAKESTAND,1,2010-04-03 13:43:00,4.35,12525,United Kingdom
536825,85100,WHITE HANGING HEART,8,2010-04-03 13:43:00,6.3,12525,United Kingdom
536826,85102,REGENCY CAKESTAND,4,2010-04-03 16:41:00,4.35,12589,United Kingdom
536826,85101,JUMBO BAG RED,3,2010-04-03 16:41:00,9.32,12589,United Kingdom
536826,85101,JUMBO BAG RED,4,2010-04-03 16:41:00,9.32,12589,United Kingdom
536827,85102,REGENCY CAKESTAND,7,2010-04-03 15:08:00,4.35,12797,Germany
536827,85100,WHITE HANGING HEART,17,2010-04-03 15:08:00,6.3,12797,Germany
536827,85107,JAM MAKING SET,8,2010-04-03 15:08:00,3.67,12797,Germany
536827,85102,REGENCY CAKESTAND,1,2010-04-03 15:08:00,4.35,12797,Germany
536828,85111,WOODLAND CHARLOTTE BAG,2,2010-04-03 14:34:00,9.31,12690,United Kingdom
536828,85104,LUNCH BAG BLACK,12,2010-04-03 14:34:00,5.6,12690,United Kingdom
536829,85100,WHITE HANGING HEART,5,2010-04-03 08:40:00,6.3,12862,United Kingdom
536830,85107,JAM MAKING SET,10,2010-04-05 08:02:00,3.67,12564,United Kingdom
536830,85102,REGENCY CAKESTAND,1,2010-04-05 08:02:00,4.35,12564,United Kingdom
536831,85103,PARTY BUNTING,2,2010-04-05 16:34:00,11.18,12785,United Kingdom
536831,85102,REGENCY CAKESTAND,3,2010-04-05 16:34:00,4.35,12785,United Kingdom
536832,85101,JUMBO BAG RED,1,2010-04-05 17:15:00,9.32,12891,United Kingdom
536832,85105,SET OF 6 SPICE TINS,1,2010-04-05 17:15:00,9.18,12891,United Kingdom
536832,85100,WHITE HANGING HEART,6,2010-04-05 17:15:00,6.3,12891,United Kingdom
536833,85101,JUMBO BAG RED,3,2010-04-05 15:18:00,9.32,12574,United Kingdom
536833,85101,JUMBO BAG RED,1,2010-04-05 15:18:00,9.32,12574,United Kingdom
536833,85109,ASSORTED COLOUR BIRD,1,2010-04-05 15:18:00,6.63,12574,United Kingdom
536834,85106,PACK OF 72 CAKE CASES,2,2010-04-05 13:34:00,3.9,12847,Netherlands
536834,85100,WHITE HANGING HEART,8,2010-04-05 13:34:00,6.3,12847,Netherlands
536834,85109,ASSORTED COLOUR BIRD,10,2010-04-05 13:34:00,6.63,12847,Netherlands
536834,85102,REGENCY CAKESTAND,1,2010-04-05 13:34:00,4.35,12847,Netherlands
536835,85100,WHITE HANGING HEART,1,2010-04-05 08:14:00,6.3,12853,United Kingdom
536835,85101,JUMBO BAG RED,10,2010-04-05 08:14:00,9.32,12853,United Kingdom
536836,85101,JUMBO BAG RED,2,2010-04-05 09:45:00,9.32,12514,United Kingdom
536836,85100,WHITE HANGING HEART,1,2010-04-05 09:45:00,6.3,12514,United Kingdom
536836,85103,PARTY BUNTING,8,2010-04-05 09:45:00,11.18,12514,United Kingdom
536836,85100,WHITE HANGING HEART,3,2010-04-05 09:45:00,6.3,12514,United Kingdom
536837,85102,REGENCY CAKESTAND,1,2010-04-05 17:00:00,4.35,12607,United Kingdom
536837,85100,WHITE HANGING HEART,2,2010-04-05 17:00:00,6.3,12607,United Kingdom
536838,85101,JUMBO BAG RED,11,2010-04-05 14:17:00,9.32,12697,United Kingdom
536839,85107,JAM MAKING SET,6,2010-04-05 09:33:00,3.67,12859,France
536840,85110,PAPER CHAIN KIT,18,2010-04-05 12:57:00,5.67,12632,Germany
536840,85100,WHITE HANGING HEART,17,2010-04-05 12:57:00,6.3,12632,Germany
536840,85102,REGENCY CAKESTAND,8,2010-04-05 12:57:00,4.35,12632,Germany
536840,85102,REGENCY CAKESTAND,6,2010-04-05 12:57:00,4.35,12632,Germany
536841,85100,WHITE HANGING HEART,1,2010-04-05 17:42:00,6.3,12680,Germany
536841,85101,JUMBO BAG RED,6,2010-04-05 17:42:00,9.32,12680,Germany
536841,85109,ASSORTED COLOUR BIRD,1,2010-04-05 17:42:00,6.63,12680,Germany
536841,85104,LUNCH BAG BLACK,4,2010-04-05 17:42:00,5.6,12680,Germany
536842,85100,WHITE HANGING HEART,1,2010-04-05 11:04:00,6.3,12681,United Kingdom
536842,85103,PARTY BUNTING,1,2010-04-05 11:04:00,11.18,12681,United Kingdom
536842,85104,LUNCH BAG BLACK,10,2010-04-05 11:04:00,5.6,12681,United Kingdom
536843,85100,WHITE HANGING HEART,4,2010-04-05 08:09:00,6.3,12705,United Kingdom
536843,85101,JUMBO BAG RED,1,2010-04-05 08:09:00,9.32,12705,United Kingdom
536844,85109,ASSORTED COLOUR BIRD,8,2010-04-05 13:07:00,6.63,12511,Netherlands
536844,85102,REGENCY CAKESTAND,5,2010-04-05 13:07:00,4.35,12511,Netherlands
536844,85101,JUMBO BAG RED,3,2010-04-05 13:07:00,9.32,12511,Netherlands
536845,85106,PACK OF 72 CAKE CASES,8,2010-04-05 14:40:00,3.9,12515,United Kingdom
536845,85106,PACK OF 72 CAKE CASES,6,2010-04-05 14:40:00,3.9,12515,United Kingdom
536845,85103,PARTY BUNTING,1,2010-04-05 14:40:00,11.18,12515,United Kingdom
536845,85111,WOODLAND CHARLOTTE BAG,4,2010-04-05 14:40:00,9.31,12515,United Kingdom
536846,85100,WHITE HANGING HEART,1,2010-04-05 17:18:00,6.3,12733,United Kingdom
536846,85107,JAM MAKING SET,5,2010-04-05 17:18:00,3.67,12733,United Kingdom
536846,85101,JUMBO BAG RED,3,2010-04-05 17:18:00,9.32,12733,United Kingdom
536846,85102,REGENCY CAKESTAND,1,2010-04-05 17:18:00,4.35,12733,United Kingdom
536847,85104,LUNCH BAG BLACK,12,2010-04-05 13:30:00,5.6,12537,Netherlands
536847,85105,SET OF 6 SPICE TINS,7,2010-04-05 13:30:00,9.18,12537,Netherlands
536848,85107,JAM MAKING SET,4,2010-04-06 16:37:00,3.67,12659,United Kingdom
536848,85105,SET OF 6 SPICE TINS,5,2010-04-06 16:37:00,9.18,12659,United Kingdom
536848,85105,SET OF 6 SPICE TINS,6,2010-04-06 16:37:00,9.18,12659,United Kingdom
536849,85104,LUNCH BAG BLACK,13,2010-04-06 10:57:00,5.6,12776,EIRE
536849,85104,LUNCH BAG BLACK,7,2010-04-06 10:57:00,5.6,12776,EIRE
536849,85103,PARTY BUNTING,3,2010-04-06 10:57:00,11.18,12776,EIRE
536850,85103,PARTY BUNTING,4,2010-04-06 15:26:00,11.18,12662,United Kingdom
536851,85104,LUNCH BAG BLACK,9,2010-04-06 14:45:00,5.6,12792,United Kingdom
536851,85104,LUNCH BAG BLACK,1,2010-04-06 14:45:00,5.6,12792,United Kingdom
536851,85103,PARTY BUNTING,1,2010-04-06 14:45:00,11.18,12792,United Kingdom
536852,85107,JAM MAKING SET,2,2010-04-06 11:15:00,3.67,12870,Germany
536853,85101,JUMBO BAG RED,2,2010-04-06 08:00:00,9.32,12765,EIRE
536853,85107,JAM MAKING SET,8,2010-04-06 08:00:00,3.67,12765,EIRE
536854,85104,LUNCH BAG BLACK,5,2010-04-06 14:04:00,5.6,12688,United Kingdom
536855,85103,PARTY BUNTING,1,2010-04-06 09:52:00,11.18,12831,France
536855,85100,WHITE HANGING HEART,7,2010-04-06 09:52:00,6.3,12831,France
536855,85103,PARTY BUNTING,9,2010-04-06 09:52:00,11.18,12831,France
536856,85105,SET OF 6 SPICE TINS,16,2010-04-06 10:27:00,9.18,12863,United Kingdom
536856,85103,PARTY BUNTING,9,2010-04-06 10:27:00,11.18,12863,United Kingdom
536856,85100,WHITE HANGING HEART,3,2010-04-06 10:27:00,6.3,12863,United Kingdom
536857,85103,PARTY BUNTING,1,2010-04-06 08:40:00,11.18,12566,United Kingdom
536857,85101,JUMBO BAG RED,7,2010-04-06 08:40:00,9.32,12566,United Kingdom
536857,85100,WHITE HANGING HEART,4,2010-04-06 08:40:00,6.3,12566,United Kingdom
536858,85103,PARTY BUNTING,3,2010-04-06 11:07:00,11.18,12618,United Kingdom
536859,85108,RECIPE BOX PANTRY,1,2010-04-06 11:42:00,10.31,12513,Germany
536859,85100,WHITE HANGING HEART,14,2010-04-06 11:42:00,6.3,12513,Germany
536859,85108,RECIPE BOX PANTRY,2,2010-04-06 11:42:00,10.31,12513,Germany
536859,85100,WHITE HANGING HEART,4,2010-04-06 11:42:00,6.3,12513,Germany
536860,85108,RECIPE BOX PANTRY,1,2010-04-06 17:20:00,10.31,12500,Germany
536861,85101,JUMBO BAG RED,4,2010-04-06 11:06:00,9.32,12760,France
536861,85102,REGENCY CAKESTAND,3,2010-04-06 11:06:00,4.35,12760,France
536861,85108,RECIPE BOX PANTRY,3,2010-04-06 11:06:00,10.31,12760,France
536862,85102,REGENCY CAKESTAND,12,2010-04-06 17:39:00,4.35,12781,United Kingdom
536863,85109,ASSORTED COLOUR BIRD,10,2010-04-06 10:19:00,6.63,12546,United Kingdom
536863,85102,REGENCY CAKESTAND,6,2010-04-06 10:19:00,4.35,12546,United Kingdom
536863,85105,SET OF 6 SPICE TINS,11,2010-04-06 10:19:00,9.18,12546,United Kingdom
536863,85100,WHITE HANGING HEART,11,2010-04-06 10:19:00,6.3,12546,United Kingdom
536864,85109,ASSORTED COLOUR BIRD,11,2010-04-06 15:04:00,6.63,12743,United Kingdom
536864,85104,LUNCH BAG BLACK,14,2010-04-06 15:04:00,5.6,12743,United Kingdom
536864,85110,PAPER CHAIN KIT,1,2010-04-06 15:04:00,5.67,12743,United Kingdom
536864,85108,RECIPE BOX PANTRY,6,2010-04-06 15:04:00,10.31,12743,United Kingdom
536865,85105,SET OF 6 SPICE TINS,1,2010-04-07 08:51:00,9.18,12548,France
536866,85103,PARTY BUNTING,1,2010-04-07 11:36:00,11.18,12591,EIRE
536866,85104,LUNCH BAG BLACK,1,2010-04-07 11:36:00,5.6,12591,EIRE
536866,85102,REGENCY CAKESTAND,9,2010-04-07 11:36:00,4.35,12591,EIRE
536866,85108,RECIPE BOX PANTRY,8,2010-04-07 11:36:00,10.31,12591,EIRE
536867,85104,LUNCH BAG BLACK,8,2010-04-07 08:48:00,5.6,12872,United Kingdom
536867,85100,WHITE HANGING HEART,7,2010-04-07 08:48:00,6.3,12872,United Kingdom
536867,85104,LUNCH BAG BLACK,9,2010-04-07 08:48:00,5.6,12872,United Kingdom
536867,85101,JUMBO BAG RED,1,2010-04-07 08:48:00,9.32,12872,United Kingdom
536868,85102,REGENCY CAKESTAND,9,2010-04-07 13:45:00,4.35,12753,France
536868,85103,PARTY BUNTING,-3,2010-04-07 13:45:00,11.18,12753,France
536868,85105,SET OF 6 SPICE TINS,7,2010-04-07 13:45:00,9.18,12753,France
536868,85100,WHITE HANGING HEART,1,2010-04-07 13:45:00,6.3,12753,France
536869,85106,PACK OF 72 CAKE CASES,7,2010-04-07 13:11:00,3.9,12675,United Kingdom
536869,85101,JUMBO BAG RED,8,2010-04-07 13:11:00,9.32,12675,United Kingdom
536869,85106,PACK OF 72 CAKE CASES,4,2010-04-07 13:11:00,3.9,12675,United Kingdom
536869,85109,ASSORTED COLOUR BIRD,8,2010-04-07 13:11:00,6.63,12675,United Kingdom
536870,85102,REGENCY CAKESTAND,13,2010-04-07 11:06:00,4.35,12538,United Kingdom
536870,85107,JAM MAKING SET,14,2010-04-07 11:06:00,3.67,12538,United Kingdom
536871,85100,WHITE HANGING HEART,14,2010-04-07 13:37:00,6.3,12690,Germany
536872,85100,WHITE HANGING HEART,11,2010-04-07 09:25:00,6.3,12842,United Kingdom
536872,85101,JUMBO BAG RED,5,2010-04-07 09:25:00,9.32,12842,United Kingdom
536873,85100,WHITE HANGING HEART,-3,2010-04-07 16:33:00,6.3,12725,United Kingdom
536874,85103,PARTY BUNTING,7,2010-04-07 14:48:00,11.18,12766,United Kingdom
536875,85111,WOODLAND CHARLOTTE BAG,4,2010-04-07 09:11:00,9.31,12589,Netherlands
536875,85102,REGENCY CAKESTAND,7,2010-04-07 09:11:00,4.35,12589,Netherlands
536875,85105,SET OF 6 SPICE TINS,7,2010-04-07 09:11:00,9.18,12589,Netherlands
536875,85101,JUMBO BAG RED,11,2010-04-07 09:11:00,9.32,12589,Netherlands
536876,85108,RECIPE BOX PANTRY,7,2010-04-07 17:36:00,10.31,12534,Netherlands
536877,85106,PACK OF 72 CAKE CASES,5,2010-04-08 15:14:00,3.9,12549,Germany
536877,85101,JUMBO BAG RED,6,2010-04-08 15:14:00,9.32,12549,Germany
536877,85105,SET OF 6 SPICE TINS,6,2010-04-08 15:14:00,9.18,12549,Germany
536878,85104,LUNCH BAG BLACK,4,2010-04-08 08:45:00,5.6,12856,United Kingdom
536879,85103,PARTY BUNTING,9,2010-04-08 14:03:00,11.18,12850,Netherlands
536879,85108,RECIPE BOX PANTRY,4,2010-04-08 14:03:00,10.31,12850,Netherlands
536880,85102,REGENCY CAKESTAND,10,2010-04-08 09:59:00,4.35,12591,United Kingdom
536880,85105,SET OF 6 SPICE TINS,5,2010-04-08 09:59:00,9.18,12591,United Kingdom
536880,85101,JUMBO BAG RED,8,2010-04-08 09:59:00,9.32,12591,United Kingdom
536881,85100,WHITE HANGING HEART,-3,2010-04-08 15:00:00,6.3,12837,United Kingdom
536882,85100,WHITE HANGING HEART,5,2010-04-08 10:54:00,6.3,12796,United Kingdom
536882,85101,JUMBO BAG RED,1,2010-04-08 10:54:00,9.32,12796,United Kingdom
536882,85103,PARTY BUNTING,8,2010-04-08 10:54:00,11.18,12796,United Kingdom
536883,85100,WHITE HANGING HEART,9,2010-04-08 12:25:00,6.3,12537,United Kingdom
536883,85104,LUNCH BAG BLACK,3,2010-04-08 12:25:00,5.6,12537,United Kingdom
536884,85106,PACK OF 72 CAKE CASES,6,2010-04-08 13:31:00,3.9,12618,France
536884,85108,RECIPE BOX PANTRY,8,2010-04-08 13:31:00,10.31,12618,France
536884,85102,REGENCY CAKESTAND,7,2010-04-08 13:31:00,4.35,12618,France
536885,85100,WHITE HANGING HEART,6,2010-04-08 09:27:00,6.3,12550,United Kingdom
536885,85101,JUMBO BAG RED,1,2010-04-08 09:27:00,9.32,12550,United Kingdom
536885,85103,PARTY BUNTING,6,2010-04-08 09:27:00,11.18,12550,United Kingdom
536886,85100,WHITE HANGING HEART,3,2010-04-08 12:36:00,6.3,12845,United Kingdom
536886,85107,JAM MAKING SET,2,2010-04-08 12:36:00,3.67,12845,United Kingdom
536887,85104,LUNCH BAG BLACK,1,2010-04-08 10:43:00,5.6,12844,United Kingdom
536887,85100,WHITE HANGING HEART,2,2010-04-08 10:43:00,6.3,12844,United Kingdom
536888,85101,JUMBO BAG RED,-1,2010-04-08 16:32:00,9.32,12641,Netherlands
536888,85105,SET OF 6 SPICE TINS,11,2010-04-08 16:32:00,9.18,12641,Netherlands
536888,85102,REGENCY CAKESTAND,4,2010-04-08 16:32:00,4.35,12641,Netherlands
536889,85104,LUNCH BAG BLACK,1,2010-04-08 14:47:00,5.6,12765,United Kingdom
536889,85100,WHITE HANGING HEART,1,2010-04-08 14:47:00,6.3,12765,United Kingdom
536889,85100,WHITE HANGING HEART,6,2010-04-08 14:47:00,6.3,12765,United Kingdom
536890,85103,PARTY BUNTING,1,2010-04-08 12:00:00,11.18,12608,France
536890,85100,WHITE HANGING HEART,4,2010-04-08 12:00:00,6.3,12608,France
536890,85107,JAM MAKING SET,3,2010-04-08 12:00:00,3.67,12608,France
536890,85100,WHITE HANGING HEART,1,2010-04-08 12:00:00,6.3,12608,France
536891,85102,REGENCY CAKESTAND,4,2010-04-08 13:16:00,4.35,12775,United Kingdom
536891,85107,JAM MAKING SET,4,2010-04-08 13:16:00,3.67,12775,United Kingdom
536891,85111,WOODLAND CHARLOTTE BAG,8,2010-04-08 13:16:00,9.31,12775,United Kingdom
536891,85100,WHITE HANGING HEART,6,2010-04-08 13:16:00,6.3,12775,United Kingdom
536892,85102,REGENCY CAKESTAND,9,2010-04-08 14:43:00,4.35,12728,United Kingdom
536893,85105,SET OF 6 SPICE TINS,4,2010-04-08 17:55:00,9.18,12574,United Kingdom
536894,85100,WHITE HANGING HEART,4,2010-04-09 14:53:00,6.3,12675,United Kingdom
536894,85104,LUNCH BAG BLACK,4,2010-04-09 14:53:00,5.6,12675,United Kingdom
536894,85104,LUNCH BAG BLACK,1,2010-04-09 14:53:00,5.6,12675,United Kingdom
536895,85103,PARTY BUNTING,5,2010-04-09 12:39:00,11.18,12808,United Kingdom
536896,85101,JUMBO BAG RED,1,2010-04-09 09:30:00,9.32,12624,Germany
536896,85106,PACK OF 72 CAKE CASES,1,2010-04-09 09:30:00,3.9,12624,Germany
536896,85102,REGENCY CAKESTAND,1,2010-04-09 09:30:00,4.35,12624,Germany
536897,85100,WHITE HANGING HEART,4,2010-04-09 11:50:00,6.3,12647,United Kingdom
536898,85100,WHITE HANGING HEART,11,2010-04-09 15:21:00,6.3,12845,United Kingdom
536899,85105,SET OF 6 SPICE TINS,6,2010-04-09 15:00:00,9.18,12781,United Kingdom
536899,85100,WHITE HANGING HEART,1,2010-04-09 15:00:00,6.3,12781,United Kingdom
536899,85106,PACK OF 72 CAKE CASES,4,2010-04-09 15:00:00,3.9,12781,United Kingdom
536900,85101,JUMBO BAG RED,1,2010-04-09 08:51:00,9.32,12525,United Kingdom
536900,85107,JAM MAKING SET,5,2010-04-09 08:51:00,3.67,12525,United Kingdom
536901,85102,REGENCY CAKESTAND,8,2010-04-09 13:37:00,4.35,12530,United Kingdom
536902,85101,JUMBO BAG RED,5,2010-04-09 14:17:00,9.32,12825,United Kingdom
536903,85102,REGENCY CAKESTAND,8,2010-04-09 16:25:00,4.35,12845,United Kingdom
536903,85100,WHITE HANGING HEART,10,2010-04-09 16:25:00,6.3,12845,United Kingdom
536903,85101,JUMBO BAG RED,1,2010-04-09 16:25:00,9.32,12845,United Kingdom
536904,85107,JAM MAKING SET,2,2010-04-09 10:57:00,3.67,12788,Germany
536905,85102,REGENCY CAKESTAND,10,2010-04-09 16:55:00,4.35,12697,Netherlands
536905,85106,PACK OF 72 CAKE CASES,9,2010-04-09 16:55:00,3.9,12697,Netherlands
536906,85103,PARTY BUNTING,-3,2010-04-09 13:48:00,11.18,12806,EIRE
536906,85101,JUMBO BAG RED,4,2010-04-09 13:48:00,9.32,12806,EIRE
536906,85100,WHITE HANGING HEART,5,2010-04-09 13:48:00,6.3,12806,EIRE
536906,85103,PARTY BUNTING,3,2010-04-09 13:48:00,11.18,12806,EIRE
536907,85102,REGENCY CAKESTAND,6,2010-04-09 14:06:00,4.35,12755,United Kingdom
536907,85109,ASSORTED COLOUR BIRD,5,2010-04-09 14:06:00,6.63,12755,United Kingdom
536908,85101,JUMBO BAG RED,7,2010-04-09 11:24:00,9.32,12859,United Kingdom
536908,85110,PAPER CHAIN KIT,12,2010-04-09 11:24:00,5.67,12859,United Kingdom
536908,85100,WHITE HANGING HEART,9,2010-04-09 11:24:00,6.3,12859,United Kingdom
536909,85101,JUMBO BAG RED,2,2010-04-09 14:56:00,9.32,12754,United Kingdom
536910,85104,LUNCH BAG BLACK,4,2010-04-09 09:55:00,5.6,12609,France
536910,85108,RECIPE BOX PANTRY,3,2010-04-09 09:55:00,10.31,12609,France
536911,85103,PARTY BUNTING,8,2010-04-10 11:51:00,11.18,12877,United Kingdom
536911,85103,PARTY BUNTING,5,2010-04-10 11:51:00,11.18,12877,United Kingdom
536911,85105,SET OF 6 SPICE TINS,-2,2010-04-10 11:51:00,9.18,12877,United Kingdom
536912,85101,JUMBO BAG RED,10,2010-04-10 08:19:00,9.32,12761,France
536912,85106,PACK OF 72 CAKE CASES,3,2010-04-10 08:19:00,3.9,12761,France
536913,85100,WHITE HANGING HEART,11,2010-04-10 17:59:00,6.3,12732,United Kingdom
536913,85101,JUMBO BAG RED,7,2010-04-10 17:59:00,9.32,12732,United Kingdom
536913,85104,LUNCH BAG BLACK,5,2010-04-10 17:59:00,5.6,12732,United Kingdom
536913,85102,REGENCY CAKESTAND,12,2010-04-10 17:59:00,4.35,12732,United Kingdom
536914,85107,JAM MAKING SET,10,2010-04-10 13:05:00,3.67,12877,EIRE
536914,85104,LUNCH BAG BLACK,11,2010-04-10 13:05:00,5.6,12877,EIRE
536914,85110,PAPER CHAIN KIT,10,2010-04-10 13:05:00,5.67,12877,EIRE
536914,85106,PACK OF 72 CAKE CASES,4,2010-04-10 13:05:00,3.9,12877,EIRE
536915,85111,WOODLAND CHARLOTTE BAG,10,2010-04-10 08:00:00,9.31,12586,EIRE
536916,85110,PAPER CHAIN KIT,10,2010-04-10 17:13:00,5.67,12885,Netherlands
536916,85102,REGENCY CAKESTAND,6,2010-04-10 17:13:00,4.35,12885,Netherlands
536916,85100,WHITE HANGING HEART,3,2010-04-10 17:13:00,6.3,12885,Netherlands
536916,85104,LUNCH BAG BLACK,3,2010-04-10 17:13:00,5.6,12885,Netherlands
536917,85110,PAPER CHAIN KIT,8,2010-04-12 10:25:00,5.67,12613,United Kingdom
536917,85105,SET OF 6 SPICE TINS,10,2010-04-12 10:25:00,9.18,12613,United Kingdom
536918,85100,WHITE HANGING HEART,6,2010-04-12 13:16:00,6.3,12528,Germany
536918,85100,WHITE HANGING HEART,4,2010-04-12 13:16:00,6.3,12528,Germany
536918,85101,JUMBO BAG RED,9,2010-04-12 13:16:00,9.32,12528,Germany
536919,85110,PAPER CHAIN KIT,12,2010-04-12 16:51:00,5.67,12773,United Kingdom
536919,85105,SET OF 6 SPICE TINS,11,2010-04-12 16:51:00,9.18,12773,United Kingdom
536919,85103,PARTY BUNTING,10,2010-04-12 16:51:00,11.18,12773,United Kingdom
536919,85103,PARTY BUNTING,12,2010-04-12 16:51:00,11.18,12773,United Kingdom
536920,85108,RECIPE BOX PANTRY,5,2010-04-12 17:40:00,10.31,12610,Netherlands
536920,85101,JUMBO BAG RED,9,2010-04-12 17:40:00,9.32,12610,Netherlands
536921,85102,REGENCY CAKESTAND,4,2010-04-12 15:27:00,4.35,12533,Germany
536921,85100,WHITE HANGING HEART,7,2010-04-12 15:27:00,6.3,12533,Germany
536922,85101,JUMBO BAG RED,5,2010-04-12 14:22:00,9.32,12703,United Kingdom
536923,85100,WHITE HANGING HEART,-3,2010-04-12 09:37:00,6.3,12753,France
536923,85108,RECIPE BOX PANTRY,5,2010-04-12 09:37:00,10.31,12753,France
536923,85100,WHITE HANGING HEART,10,2010-04-12 09:37:00,6.3,12753,France
536924,85100,WHITE HANGING HEART,2,2010-04-12 17:00:00,6.3,12898,France
536925,85103,PARTY BUNTING,9,2010-04-12 16:56:00,11.18,12674,United Kingdom
536925,85100,WHITE HANGING HEART,-1,2010-04-12 16:56:00,6.3,12674,United Kingdom
536925,85103,PARTY BUNTING,1,2010-04-12 16:56:00,11.18,12674,United Kingdom
536925,85103,PARTY BUNTING,4,2010-04-12 16:56:00,11.18,12674,United Kingdom
536926,85102,REGENCY CAKESTAND,4,2010-04-12 10:31:00,4.35,12851,Germany
536926,85100,WHITE HANGING HEART,7,2010-04-12 10:31:00,6.3,12851,Germany
536927,85100,WHITE HANGING HEART,5,2010-04-12 13:19:00,6.3,12818,EIRE
536928,85100,WHITE HANGING HEART,6,2010-04-13 12:08:00,6.3,12549,France
536929,85106,PACK OF 72 CAKE CASES,1,2010-04-13 10:31:00,3.9,12829,United Kingdom
536929,85110,PAPER CHAIN KIT,10,2010-04-13 10:31:00,5.67,12829,United Kingdom
536930,85103,PARTY BUNTING,5,2010-04-13 08:25:00,11.18,12753,United Kingdom
536930,85100,WHITE HANGING HEART,5,2010-04-13 08:25:00,6.3,12753,United Kingdom
536930,85106,PACK OF 72 CAKE CASES,1,2010-04-13 08:25:00,3.9,12753,United Kingdom
536930,85105,SET OF 6 SPICE TINS,11,2010-04-13 08:25:00,9.18,12753,United Kingdom
536931,85100,WHITE HANGING HEART,15,2010-04-13 11:22:00,6.3,12523,United Kingdom
536932,85111,WOODLAND CHARLOTTE BAG,1,2010-04-13 12:37:00,9.31,12635,United Kingdom
536932,85102,REGENCY CAKESTAND,3,2010-04-13 12:37:00,4.35,12635,United Kingdom
536932,85106,PACK OF 72 CAKE CASES,1,2010-04-13 12:37:00,3.9,12635,United Kingdom
536933,85100,WHITE HANGING HEART,1,2010-04-13 08:01:00,6.3,12683,Netherlands
536934,85101,JUMBO BAG RED,1,2010-04-13 16:42:00,9.32,12680,EIRE
536934,85101,JUMBO BAG RED,11,2010-04-13 16:42:00,9.32,12680,EIRE
536934,85110,PAPER CHAIN KIT,3,2010-04-13 16:42:00,5.67,12680,EIRE
536935,85101,JUMBO BAG RED,3,2010-04-13 17:57:00,9.32,12516,Germany
536935,85106,PACK OF 72 CAKE CASES,1,2010-04-13 17:57:00,3.9,12516,Germany
536935,85102,REGENCY CAKESTAND,3,2010-04-13 17:57:00,4.35,12516,Germany
536936,85102,REGENCY CAKESTAND,6,2010-04-13 11:26:00,4.35,12866,Germany
536936,85107,JAM MAKING SET,1,2010-04-13 11:26:00,3.67,12866,Germany
536936,85105,SET OF 6 SPICE TINS,10,2010-04-13 11:26:00,9.18,12866,Germany
536937,85100,WHITE HANGING HEART,1,2010-04-13 15:25:00,6.3,12859,United Kingdom
536938,85108,RECIPE BOX PANTRY,3,2010-04-13 15:16:00,10.31,12594,EIRE
536938,85109,ASSORTED COLOUR BIRD,1,2010-04-13 15:16:00,6.63,12594,EIRE
536939,85101,JUMBO BAG RED,5,2010-04-13 16:24:00,9.32,12581,United Kingdom
536939,85102,REGENCY CAKESTAND,5,2010-04-13 16:24:00,4.35,12581,United Kingdom
536940,85105,SET OF 6 SPICE TINS,6,2010-04-13 12:50:00,9.18,12561,United Kingdom
536941,85101,JUMBO BAG RED,11,2010-04-13 09:00:00,9.32,12677,EIRE
536941,85108,RECIPE BOX PANTRY,1,2010-04-13 09:00:00,10.31,12677,EIRE
536941,85102,REGENCY CAKESTAND,15,2010-04-13 09:00:00,4.35,12677,EIRE
536941,85102,REGENCY CAKESTAND,3,2010-04-13 09:00:00,4.35,12677,EIRE
536942,85100,WHITE HANGING HEART,2,2010-04-13 12:40:00,6.3,12623,France
536942,85101,JUMBO BAG RED,7,2010-04-13 12:40:00,9.32,12623,France
536942,85102,REGENCY CAKESTAND,5,2010-04-13 12:40:00,4.35,12623,France
536943,85109,ASSORTED COLOUR BIRD,7,2010-04-13 09:18:00,6.63,12632,United Kingdom
536943,85105,SET OF 6 SPICE TINS,4,2010-04-13 09:18:00,9.18,12632,United Kingdom
536943,85100,WHITE HANGING HEART,9,2010-04-13 09:18:00,6.3,12632,United Kingdom
536943,85101,JUMBO BAG RED,1,2010-04-13 09:18:00,9.32,12632,United Kingdom
536944,85106,PACK OF 72 CAKE CASES,9,2010-04-14 11:56:00,3.9,12705,United Kingdom
536944,85105,SET OF 6 SPICE TINS,13,2010-04-14 11:56:00,9.18,12705,United Kingdom
536944,85107,JAM MAKING SET,16,2010-04-14 11:56:00,3.67,12705,United Kingdom
536945,85100,WHITE HANGING HEART,1,2010-04-14 13:12:00,6.3,12705,United Kingdom
536946,85102,REGENCY CAKESTAND,5,2010-04-14 16:29:00,4.35,12808,United Kingdom
536946,85110,PAPER CHAIN KIT,9,2010-04-14 16:29:00,5.67,12808,United Kingdom
536947,85102,REGENCY CAKESTAND,9,2010-04-14 17:14:00,4.35,12545,United Kingdom
536947,85102,REGENCY CAKESTAND,8,2010-04-14 17:14:00,4.35,12545,United Kingdom
536947,85105,SET OF 6 SPICE TINS,10,2010-04-14 17:14:00,9.18,12545,United Kingdom
536948,85107,JAM MAKING SET,1,2010-04-14 13:23:00,3.67,12604,Germany
536949,85100,WHITE HANGING HEART,4,2010-04-14 16:58:00,6.3,12575,United Kingdom
536949,85105,SET OF 6 SPICE TINS,7,2010-04-14 16:58:00,9.18,12575,United Kingdom
536949,85102,REGENCY CAKESTAND,7,2010-04-14 16:58:00,4.35,12575,United Kingdom
536949,85100,WHITE HANGING HEART,3,2010-04-14 16:58:00,6.3,12575,United Kingdom
536950,85101,JUMBO BAG RED,1,2010-04-14 13:10:00,9.32,12506,France
536951,85102,REGENCY CAKESTAND,1,2010-04-14 11:28:00,4.35,12696,United Kingdom
536951,85101,JUMBO BAG RED,7,2010-04-14 11:28:00,9.32,12696,United Kingdom
536951,85104,LUNCH BAG BLACK,2,2010-04-14 11:28:00,5.6,12696,United Kingdom
536952,85106,PACK OF 72 CAKE CASES,7,2010-04-14 17:36:00,3.9,12890,United Kingdom
536952,85101,JUMBO BAG RED,8,2010-04-14 17:36:00,9.32,12890,United Kingdom
536952,85104,LUNCH BAG BLACK,3,2010-04-14 17:36:00,5.6,12890,United Kingdom
536952,85102,REGENCY CAKESTAND,1,2010-04-14 17:36:00,4.35,12890,United Kingdom
536953,85104,LUNCH BAG BLACK,7,2010-04-14 09:12:00,5.6,12787,United Kingdom
536953,85111,WOODLAND CHARLOTTE BAG,3,2010-04-14 09:12:00,9.31,12787,United Kingdom
536954,85106,PACK OF 72 CAKE CASES,-3,2010-04-14 12:29:00,3.9,12729,United Kingdom
536954,85105,SET OF 6 SPICE TINS,8,2010-04-14 12:29:00,9.18,12729,United Kingdom
536954,85107,JAM MAKING SET,5,2010-04-14 12:29:00,3.67,12729,United Kingdom
536954,85105,SET OF 6 SPICE TINS,6,2010-04-14 12:29:00,9.18,12729,United Kingdom
536955,85103,PARTY BUNTING,11,2010-04-14 09:02:00,11.18,12736,United Kingdom
536955,85103,PARTY BUNTING,2,2010-04-14 09:02:00,11.18,12736,United Kingdom
536955,85103,PARTY BUNTING,3,2010-04-14 09:02:00,11.18,12736,United Kingdom
536955,85111,WOODLAND CHARLOTTE BAG,4,2010-04-14 09:02:00,9.31,12736,United Kingdom
536956,85105,SET OF 6 SPICE TINS,2,2010-04-15 09:46:00,9.18,12664,United Kingdom
536957,85105,SET OF 6 SPICE TINS,4,2010-04-15 16:32:00,9.18,12555,United Kingdom
536957,85102,REGENCY CAKESTAND,4,2010-04-15 16:32:00,4.35,12555,United Kingdom
536957,85103,PARTY BUNTING,1,2010-04-15 16:32:00,11.18,12555,United Kingdom
536958,85102,REGENCY CAKESTAND,8,2010-04-15 17:14:00,4.35,12566,United Kingdom
536958,85102,REGENCY CAKESTAND,9,2010-04-15 17:14:00,4.35,12566,United Kingdom
536959,85103,PARTY BUNTING,5,2010-04-15 08:09:00,11.18,12699,United Kingdom
536959,85105,SET OF 6 SPICE TINS,5,2010-04-15 08:09:00,9.18,12699,United Kingdom
536960,85102,REGENCY CAKESTAND,6,2010-04-15 13:49:00,4.35,12787,United Kingdom
536960,85103,PARTY BUNTING,9,2010-04-15 13:49:00,11.18,12787,United Kingdom
536960,85101,JUMBO BAG RED,5,2010-04-15 13:49:00,9.32,12787,United Kingdom
536960,85102,REGENCY CAKESTAND,7,2010-04-15 13:49:00,4.35,12787,United Kingdom
536961,85103,PARTY BUNTING,3,2010-04-15 17:21:00,11.18,12579,United Kingdom
536961,85103,PARTY BUNTING,6,2010-04-15 17:21:00,11.18,12579,United Kingdom
536961,85106,PACK OF 72 CAKE CASES,6,2010-04-15 17:21:00,3.9,12579,United Kingdom
536961,85101,JUMBO BAG RED,7,2010-04-15 17:21:00,9.32,12579,United Kingdom
536962,85103,PARTY BUNTING,7,2010-04-15 11:12:00,11.18,12548,United Kingdom
536962,85102,REGENCY CAKESTAND,7,2010-04-15 11:12:00,4.35,12548,United Kingdom
536962,85107,JAM MAKING SET,16,2010-04-15 11:12:00,3.67,12548,United Kingdom
536963,85109,ASSORTED COLOUR BIRD,11,2010-04-15 09:24:00,6.63,12657,United Kingdom
536963,85101,JUMBO BAG RED,2,2010-04-15 09:24:00,9.32,12657,United Kingdom
536964,85102,REGENCY CAKESTAND,8,2010-04-15 12:06:00,4.35,12758,United Kingdom
536965,85105,SET OF 6 SPICE TINS,5,2010-04-15 10:05:00,9.18,12753,United Kingdom
536966,85101,JUMBO BAG RED,1,2010-04-15 12:55:00,9.32,12845,United Kingdom
536966,85101,JUMBO BAG RED,4,2010-04-15 12:55:00,9.32,12845,United Kingdom
536966,85100,WHITE HANGING HEART,8,2010-04-15 12:55:00,6.3,12845,United Kingdom
536966,85102,REGENCY CAKESTAND,1,2010-04-15 12:55:00,4.35,12845,United Kingdom
536967,85105,SET OF 6 SPICE TINS,8,2010-04-16 09:36:00,9.18,12672,United Kingdom
536967,85101,JUMBO BAG RED,8,2010-04-16 09:36:00,9.32,12672,United Kingdom
536968,85109,ASSORTED COLOUR BIRD,7,2010-04-16 17:42:00,6.63,12764,United Kingdom
536968,85102,REGENCY CAKESTAND,4,2010-04-16 17:42:00,4.35,12764,United Kingdom
536969,85100,WHITE HANGING HEART,4,2010-04-16 13:00:00,6.3,12585,France
536969,85102,REGENCY CAKESTAND,7,2010-04-16 13:00:00,4.35,12585,France
536969,85102,REGENCY CAKESTAND,12,2010-04-16 13:00:00,4.35,12585,France
536969,85107,JAM MAKING SET,4,2010-04-16 13:00:00,3.67,12585,France
536970,85103,PARTY BUNTING,9,2010-04-16 10:46:00,11.18,12643,United Kingdom
536970,85101,JUMBO BAG RED,5,2010-04-16 10:46:00,9.32,12643,United Kingdom
536970,85104,LUNCH BAG BLACK,11,2010-04-16 10:46:00,5.6,12643,United Kingdom
536970,85102,REGENCY CAKESTAND,7,2010-04-16 10:46:00,4.35,12643,United Kingdom
536971,85104,LUNCH BAG BLACK,7,2010-04-16 09:18:00,5.6,12770,United Kingdom
536972,85103,PARTY BUNTING,8,2010-04-16 11:29:00,11.18,12827,EIRE
536972,85101,JUMBO BAG RED,2,2010-04-16 11:29:00,9.32,12827,EIRE
536972,85104,LUNCH BAG BLACK,14,2010-04-16 11:29:00,5.6,12827,EIRE
536973,85101,JUMBO BAG RED,2,2010-04-16 14:50:00,9.32,12772,United Kingdom
536973,85100,WHITE HANGING HEART,9,2010-04-16 14:50:00,6.3,12772,United Kingdom
536973,85101,JUMBO BAG RED,4,2010-04-16 14:50:00,9.32,12772,United Kingdom
536973,85102,REGENCY CAKESTAND,6,2010-04-16 14:50:00,4.35,12772,United Kingdom
536974,85102,REGENCY CAKESTAND,1,2010-04-16 15:31:00,4.35,12728,EIRE
536974,85111,WOODLAND CHARLOTTE BAG,9,2010-04-16 15:31:00,9.31,12728,EIRE
536975,85107,JAM MAKING SET,1,2010-04-16 15:32:00,3.67,12580,United Kingdom
536975,85101,JUMBO BAG RED,6,2010-04-16 15:32:00,9.32,12580,United Kingdom
536976,85102,REGENCY CAKESTAND,11,2010-04-16 16:46:00,4.35,12721,France
536976,85103,PARTY BUNTING,3,2010-04-16 16:46:00,11.18,12721,France
536977,85103,PARTY BUNTING,10,2010-04-16 16:57:00,11.18,12687,Netherlands
536978,85101,JUMBO BAG RED,9,2010-04-16 13:28:00,9.32,12660,United Kingdom
536978,85111,WOODLAND CHARLOTTE BAG,-3,2010-04-16 13:28:00,9.31,12660,United Kingdom
536978,85102,REGENCY CAKESTAND,7,2010-04-16 13:28:00,4.35,12660,United Kingdom
536979,85100,WHITE HANGING HEART,12,2010-04-16 14:04:00,6.3,12825,United Kingdom
536980,85100,WHITE HANGING HEART,5,2010-04-16 15:22:00,6.3,12527,United Kingdom
536980,85102,REGENCY CAKESTAND,13,2010-04-16 15:22:00,4.35,12527,United Kingdom
536980,85108,RECIPE BOX PANTRY,4,2010-04-16 15:22:00,10.31,12527,United Kingdom
536980,85100,WHITE HANGING HEART,1,2010-04-16 15:22:00,6.3,12527,United Kingdom
536981,85102,REGENCY CAKESTAND,4,2010-04-16 11:32:00,4.35,12620,United Kingdom
536981,85101,JUMBO BAG RED,5,2010-04-16 11:32:00,9.32,12620,United Kingdom
536982,85101,JUMBO BAG RED,4,2010-04-17 08:36:00,9.32,12556,EIRE
536983,85103,PARTY BUNTING,3,2010-04-17 17:39:00,11.18,12673,France
536983,85100,WHITE HANGING HEART,10,2010-04-17 17:39:00,6.3,12673,France
536983,85106,PACK OF 72 CAKE CASES,6,2010-04-17 17:39:00,3.9,12673,France
536984,85110,PAPER CHAIN KIT,7,2010-04-17 15:58:00,5.67,12739,United Kingdom
536984,85106,PACK OF 72 CAKE CASES,14,2010-04-17 15:58:00,3.9,12739,United Kingdom
536985,85101,JUMBO BAG RED,4,2010-04-17 10:40:00,9.32,12772,Netherlands
536986,85111,WOODLAND CHARLOTTE BAG,7,2010-04-17 17:21:00,9.31,12506,Germany
536986,85100,WHITE HANGING HEART,2,2010-04-17 17:21:00,6.3,12506,Germany
536986,85104,LUNCH BAG BLACK,9,2010-04-17 17:21:00,5.6,12506,Germany
536986,85101,JUMBO BAG RED,8,2010-04-17 17:21:00,9.32,12506,Germany
536987,85101,JUMBO BAG RED,6,2010-04-17 15:51:00,9.32,12529,United Kingdom
536988,85104,LUNCH BAG BLACK,1,2010-04-17 13:28:00,5.6,12802,United Kingdom
536988,85100,WHITE HANGING HEART,10,2010-04-17 13:28:00,6.3,12802,United Kingdom
536988,85103,PARTY BUNTING,6,2010-04-17 13:28:00,11.18,12802,United Kingdom
536988,85106,PACK OF 72 CAKE CASES,-2,2010-04-17 13:28:00,3.9,12802,United Kingdom
536989,85101,JUMBO BAG RED,-1,2010-04-17 11:57:00,9.32,12571,United Kingdom
536989,85106,PACK OF 72 CAKE CASES,8,2010-04-17 11:57:00,3.9,12571,United Kingdom
536990,85104,LUNCH BAG BLACK,5,2010-04-19 10:35:00,5.6,12758,United Kingdom
536990,85100,WHITE HANGING HEART,1,2010-04-19 10:35:00,6.3,12758,United Kingdom
536991,85100,WHITE HANGING HEART,8,2010-04-19 10:30:00,6.3,12811,Netherlands
536991,85104,LUNCH BAG BLACK,12,2010-04-19 10:30:00,5.6,12811,Netherlands
536991,85104,LUNCH BAG BLACK,3,2010-04-19 10:30:00,5.6,12811,Netherlands
536992,85100,WHITE HANGING HEART,1,2010-04-19 13:58:00,6.3,12660,United Kingdom
536992,85107,JAM MAKING SET,2,2010-04-19 13:58:00,3.67,12660,United Kingdom
536992,85103,PARTY BUNTING,1,2010-04-19 13:58:00,11.18,12660,United Kingdom
536993,85104,LUNCH BAG BLACK,6,2010-04-19 13:13:00,5.6,12863,Germany
536993,85111,WOODLAND CHARLOTTE BAG,7,2010-04-19 13:13:00,9.31,12863,Germany
536994,85103,PARTY BUNTING,8,2010-04-19 12:55:00,11.18,12545,United Kingdom
536994,85106,PACK OF 72 CAKE CASES,4,2010-04-19 12:55:00,3.9,12545,United Kingdom
536995,85101,JUMBO BAG RED,1,2010-04-19 14:49:00,9.32,12585,EIRE
536996,85103,PARTY BUNTING,5,2010-04-19 08:30:00,11.18,12785,Germany
536996,85108,RECIPE BOX PANTRY,4,2010-04-19 08:30:00,10.31,12785,Germany
536997,85106,PACK OF 72 CAKE CASES,7,2010-04-19 10:43:00,3.9,12620,United Kingdom
536997,85100,WHITE HANGING HEART,7,2010-04-19 10:43:00,6.3,12620,United Kingdom
536997,85111,WOODLAND CHARLOTTE BAG,6,2010-04-19 10:43:00,9.31,12620,United Kingdom
536998,85103,PARTY BUNTING,7,2010-04-19 15:31:00,11.18,12623,United Kingdom
536999,85100,WHITE HANGING HEART,6,2010-04-19 13:14:00,6.3,12508,United Kingdom
536999,85102,REGENCY CAKESTAND,7,2010-04-19 13:14:00,4.35,12508,United Kingdom
537000,85101,JUMBO BAG RED,3,2010-04-19 11:25:00,9.32,12674,United Kingdom
537000,85100,WHITE HANGING HEART,8,2010-04-19 11:25:00,6.3,12674,United Kingdom
537000,85104,LUNCH BAG BLACK,5,2010-04-19 11:25:00,5.6,12674,United Kingdom
537001,85103,PARTY BUNTING,6,2010-04-19 14:07:00,11.18,12726,United Kingdom
537001,85111,WOODLAND CHARLOTTE BAG,1,2010-04-19 14:07:00,9.31,12726,United Kingdom
537001,85103,PARTY BUNTING,12,2010-04-19 14:07:00,11.18,12726,United Kingdom
537002,85101,JUMBO BAG RED,15,2010-04-19 10:37:00,9.32,12655,United Kingdom
537002,85100,WHITE HANGING HEART,3,2010-04-19 10:37:00,6.3,12655,United Kingdom
537002,85106,PACK OF 72 CAKE CASES,9,2010-04-19 10:37:00,3.9,12655,United Kingdom
537002,85102,REGENCY CAKESTAND,7,2010-04-19 10:37:00,4.35,12655,United Kingdom
537003,85105,SET OF 6 SPICE TINS,5,2010-04-19 10:03:00,9.18,12703,United Kingdom
537003,85104,LUNCH BAG BLACK,6,2010-04-19 10:03:00,5.6,12703,United Kingdom
537004,85100,WHITE HANGING HEART,6,2010-04-20 17:12:00,6.3,12892,United Kingdom
537004,85104,LUNCH BAG BLACK,6,2010-04-20 17:12:00,5.6,12892,United Kingdom
537004,85102,REGENCY CAKESTAND,14,2010-04-20 17:12:00,4.35,12892,United Kingdom
537004,85102,REGENCY CAKESTAND,2,2010-04-20 17:12:00,4.35,12892,United Kingdom
537005,85106,PACK OF 72 CAKE CASES,6,2010-04-20 12:33:00,3.9,12543,United Kingdom
537005,85100,WHITE HANGING HEART,1,2010-04-20 12:33:00,6.3,12543,United Kingdom
537005,85100,WHITE HANGING HEART,3,2010-04-20 12:33:00,6.3,12543,United Kingdom
537006,85105,SET OF 6 SPICE TINS,5,2010-04-20 17:01:00,9.18,12618,France
537006,85103,PARTY BUNTING,10,2010-04-20 17:01:00,11.18,12618,France
537007,85100,WHITE HANGING HEART,8,2010-04-20 10:12:00,6.3,12763,United Kingdom
537007,85103,PARTY BUNTING,4,2010-04-20 10:12:00,11.18,12763,United Kingdom
537007,85100,WHITE HANGING HEART,7,2010-04-20 10:12:00,6.3,12763,United Kingdom
537008,85100,WHITE HANGING HEART,4,2010-04-20 09:43:00,6.3,12523,United Kingdom
537009,85106,PACK OF 72 CAKE CASES,9,2010-04-20 10:59:00,3.9,12588,France
537009,85101,JUMBO BAG RED,4,2010-04-20 10:59:00,9.32,12588,France
537009,85100,WHITE HANGING HEART,2,2010-04-20 10:59:00,6.3,12588,France
537009,85105,SET OF 6 SPICE TINS,1,2010-04-20 10:59:00,9.18,12588,France
537010,85101,JUMBO BAG RED,8,2010-04-20 11:10:00,9.32,12808,United Kingdom
537011,85104,LUNCH BAG BLACK,9,2010-04-20 13:12:00,5.6,12841,United Kingdom
537012,85100,WHITE HANGING HEART,1,2010-04-20 10:06:00,6.3,12507,United Kingdom
537013,85100,WHITE HANGING HEART,5,2010-04-20 08:34:00,6.3,12566,United Kingdom
537013,85100,WHITE HANGING HEART,7,2010-04-20 08:34:00,6.3,12566,United Kingdom
537014,85101,JUMBO BAG RED,8,2010-04-21 14:10:00,9.32,12580,United Kingdom
537015,85102,REGENCY CAKESTAND,1,2010-04-21 14:42:00,4.35,12571,United Kingdom
537015,85102,REGENCY CAKESTAND,1,2010-04-21 14:42:00,4.35,12571,United Kingdom
537016,85101,JUMBO BAG RED,9,2010-04-21 17:20:00,9.32,12725,United Kingdom
537016,85102,REGENCY CAKESTAND,6,2010-04-21 17:20:00,4.35,12725,United Kingdom
537017,85109,ASSORTED COLOUR BIRD,11,2010-04-21 10:37:00,6.63,12831,United Kingdom
537017,85102,REGENCY CAKESTAND,1,2010-04-21 10:37:00,4.35,12831,United Kingdom
537018,85105,SET OF 6 SPICE TINS,5,2010-04-21 09:58:00,9.18,12516,United Kingdom
537018,85101,JUMBO BAG RED,9,2010-04-21 09:58:00,9.32,12516,United Kingdom
537019,85105,SET OF 6 SPICE TINS,4,2010-04-21 17:53:00,9.18,12894,United Kingdom
537019,85106,PACK OF 72 CAKE CASES,4,2010-04-21 17:53:00,3.9,12894,United Kingdom
537020,85100,WHITE HANGING HEART,4,2010-04-21 14:45:00,6.3,12542,United Kingdom
537021,85101,JUMBO BAG RED,5,2010-04-21 13:30:00,9.32,12724,Germany
537021,85100,WHITE HANGING HEART,4,2010-04-21 13:30:00,6.3,12724,Germany
537021,85103,PARTY BUNTING,10,2010-04-21 13:30:00,11.18,12724,Germany
537021,85101,JUMBO BAG RED,8,2010-04-21 13:30:00,9.32,12724,Germany
537022,85107,JAM MAKING SET,1,2010-04-21 11:49:00,3.67,12757,United Kingdom
537022,85102,REGENCY CAKESTAND,9,2010-04-21 11:49:00,4.35,12757,United Kingdom
537022,85101,JUMBO BAG RED,1,2010-04-21 11:49:00,9.32,12757,United Kingdom
537022,85104,LUNCH BAG BLACK,6,2010-04-21 11:49:00,5.6,12757,United Kingdom
537023,85101,JUMBO BAG RED,8,2010-04-21 10:19:00,9.32,12574,Netherlands
537023,85110,PAPER CHAIN KIT,12,2010-04-21 10:19:00,5.67,12574,Netherlands
537023,85101,JUMBO BAG RED,7,2010-04-21 10:19:00,9.32,12574,Netherlands
537024,85104,LUNCH BAG BLACK,6,2010-04-21 13:10:00,5.6,12900,United Kingdom
537024,85106,PACK OF 72 CAKE CASES,1,2010-04-21 13:10:00,3.9,12900,United Kingdom
537024,85108,RECIPE BOX PANTRY,1,2010-04-21 13:10:00,10.31,12900,United Kingdom
537024,85101,JUMBO BAG RED,9,2010-04-21 13:10:00,9.32,12900,United Kingdom
537025,85103,PARTY BUNTING,2,2010-04-21 09:46:00,11.18,12677,United Kingdom
537025,85100,WHITE HANGING HEART,8,2010-04-21 09:46:00,6.3,12677,United Kingdom
537025,85101,JUMBO BAG RED,3,2010-04-21 09:46:00,9.32,12677,United Kingdom
537026,85100,WHITE HANGING HEART,3,2010-04-21 14:55:00,6.3,12521,United Kingdom
537027,85101,JUMBO BAG RED,3,2010-04-22 11:54:00,9.32,12561,France
537027,85105,SET OF 6 SPICE TINS,8,2010-04-22 11:54:00,9.18,12561,France
537027,85100,WHITE HANGING HEART,1,2010-04-22 11:54:00,6.3,12561,France
537028,85105,SET OF 6 SPICE TINS,5,2010-04-22 08:05:00,9.18,12693,Netherlands
537028,85102,REGENCY CAKESTAND,7,2010-04-22 08:05:00,4.35,12693,Netherlands
537028,85107,JAM MAKING SET,9,2010-04-22 08:05:00,3.67,12693,Netherlands
537028,85106,PACK OF 72 CAKE CASES,9,2010-04-22 08:05:00,3.9,12693,Netherlands
537029,85107,JAM MAKING SET,11,2010-04-22 10:08:00,3.67,12865,United Kingdom
537030,85108,RECIPE BOX PANTRY,9,2010-04-22 14:17:00,10.31,12893,United Kingdom
537030,85104,LUNCH BAG BLACK,5,2010-04-22 14:17:00,5.6,12893,United Kingdom
537030,85105,SET OF 6 SPICE TINS,8,2010-04-22 14:17:00,9.18,12893,United Kingdom
537031,85100,WHITE HANGING HEART,9,2010-04-22 16:23:00,6.3,12685,United Kingdom
537032,85102,REGENCY CAKESTAND,11,2010-04-22 17:04:00,4.35,12613,United Kingdom
537033,85101,JUMBO BAG RED,7,2010-04-22 11:14:00,9.32,12626,Germany
537033,85104,LUNCH BAG BLACK,1,2010-04-22 11:14:00,5.6,12626,Germany
537033,85100,WHITE HANGING HEART,3,2010-04-22 11:14:00,6.3,12626,Germany
537033,85100,WHITE HANGING HEART,2,2010-04-22 11:14:00,6.3,12626,Germany
537034,85102,REGENCY CAKESTAND,1,2010-04-22 11:25:00,4.35,12846,United Kingdom
537035,85105,SET OF 6 SPICE TINS,2,2010-04-22 12:09:00,9.18,12711,United Kingdom
537035,85107,JAM MAKING SET,5,2010-04-22 12:09:00,3.67,12711,United Kingdom
537035,85100,WHITE HANGING HEART,5,2010-04-22 12:09:00,6.3,12711,United Kingdom
537035,85103,PARTY BUNTING,6,2010-04-22 12:09:00,11.18,12711,United Kingdom
537036,85105,SET OF 6 SPICE TINS,11,2010-04-22 15:11:00,9.18,12680,Germany
537036,85104,LUNCH BAG BLACK,11,2010-04-22 15:11:00,5.6,12680,Germany
537036,85100,WHITE HANGING HEART,1,2010-04-22 15:11:00,6.3,12680,Germany
537036,85110,PAPER CHAIN KIT,9,2010-04-22 15:11:00,5.67,12680,Germany
537037,85100,WHITE HANGING HEART,6,2010-04-22 09:31:00,6.3,12712,Germany
537037,85100,WHITE HANGING HEART,5,2010-04-22 09:31:00,6.3,12712,Germany
537037,85106,PACK OF 72 CAKE CASES,1,2010-04-22 09:31:00,3.9,12712,Germany
537037,85101,JUMBO BAG RED,14,2010-04-22 09:31:00,9.32,12712,Germany
537038,85104,LUNCH BAG BLACK,4,2010-04-23 09:49:00,5.6,12821,United Kingdom
537039,85100,WHITE HANGING HEART,7,2010-04-23 17:52:00,6.3,12781,France
537039,85100,WHITE HANGING HEART,10,2010-04-23 17:52:00,6.3,12781,France
537039,85102,REGENCY CAKESTAND,9,2010-04-23 17:52:00,4.35,12781,France
537040,85100,WHITE HANGING HEART,3,2010-04-23 13:02:00,6.3,12651,United Kingdom
537040,85100,WHITE HANGING HEART,6,2010-04-23 13:02:00,6.3,12651,United Kingdom
537040,85100,WHITE HANGING HEART,1,2010-04-23 13:02:00,6.3,12651,United Kingdom
537040,85101,JUMBO BAG RED,9,2010-04-23 13:02:00,9.32,12651,United Kingdom
537041,85105,SET OF 6 SPICE TINS,5,2010-04-23 09:01:00,9.18,12756,United Kingdom
537041,85109,ASSORTED COLOUR BIRD,1,2010-04-23 09:01:00,6.63,12756,United Kingdom
537042,85101,JUMBO BAG RED,7,2010-04-23 08:14:00,9.32,12576,France
537042,85106,PACK OF 72 CAKE CASES,13,2010-04-23 08:14:00,3.9,12576,France
537043,85102,REGENCY CAKESTAND,3,2010-04-23 10:37:00,4.35,12727,United Kingdom
537043,85101,JUMBO BAG RED,1,2010-04-23 10:37:00,9.32,12727,United Kingdom
537043,85106,PACK OF 72 CAKE CASES,8,2010-04-23 10:37:00,3.9,12727,United Kingdom
537044,85105,SET OF 6 SPICE TINS,5,2010-04-23 13:43:00,9.18,12608,United Kingdom
537044,85105,SET OF 6 SPICE TINS,5,2010-04-23 13:43:00,9.18,12608,United Kingdom
537044,85100,WHITE HANGING HEART,4,2010-04-23 13:43:00,6.3,12608,United Kingdom
537045,85101,JUMBO BAG RED,14,2010-04-23 17:06:00,9.32,12573,United Kingdom
537046,85100,WHITE HANGING HEART,4,2010-04-23 17:14:00,6.3,12518,United Kingdom
537046,85100,WHITE HANGING HEART,4,2010-04-23 17:14:00,6.3,12518,United Kingdom
537047,85107,JAM MAKING SET,8,2010-04-24 13:55:00,3.67,12807,Germany
537047,85110,PAPER CHAIN KIT,4,2010-04-24 13:55:00,5.67,12807,Germany
537047,85106,PACK OF 72 CAKE CASES,6,2010-04-24 13:55:00,3.9,12807,Germany
537047,85100,WHITE HANGING HEART,5,2010-04-24 13:55:00,6.3,12807,Germany
537048,85100,WHITE HANGING HEART,4,2010-04-24 15:55:00,6.3,12782,United Kingdom
537049,85101,JUMBO BAG RED,4,2010-04-24 13:42:00,9.32,12612,United Kingdom
537049,85101,JUMBO BAG RED,4,2010-04-24 13:42:00,9.32,12612,United Kingdom
537050,85101,JUMBO BAG RED,10,2010-04-24 10:40:00,9.32,12633,United Kingdom
537050,85100,WHITE HANGING HEART,6,2010-04-24 10:40:00,6.3,12633,United Kingdom
537051,85102,REGENCY CAKESTAND,12,2010-04-24 11:43:00,4.35,12889,United Kingdom
537051,85102,REGENCY CAKESTAND,8,2010-04-24 11:43:00,4.35,12889,United Kingdom
537051,85107,JAM MAKING SET,10,2010-04-24 11:43:00,3.67,12889,United Kingdom
537051,85102,REGENCY CAKESTAND,2,2010-04-24 11:43:00,4.35,12889,United Kingdom
537052,85108,RECIPE BOX PANTRY,1,2010-04-26 08:07:00,10.31,12834,EIRE
537052,85101,JUMBO BAG RED,5,2010-04-26 08:07:00,9.32,12834,EIRE
537053,85100,WHITE HANGING HEART,1,2010-04-26 13:31:00,6.3,12882,United Kingdom
537053,85101,JUMBO BAG RED,11,2010-04-26 13:31:00,9.32,12882,United Kingdom
537053,85103,PARTY BUNTING,1,2010-04-26 13:31:00,11.18,12882,United Kingdom
537053,85109,ASSORTED COLOUR BIRD,4,2010-04-26 13:31:00,6.63,12882,United Kingdom
537054,85104,LUNCH BAG BLACK,9,2010-04-26 17:37:00,5.6,12588,Germany
537054,85109,ASSORTED COLOUR BIRD,1,2010-04-26 17:37:00,6.63,12588,Germany
537054,85101,JUMBO BAG RED,5,2010-04-26 17:37:00,9.32,12588,Germany
537055,85105,SET OF 6 SPICE TINS,4,2010-04-26 11:40:00,9.18,12587,United Kingdom
537056,85100,WHITE HANGING HEART,4,2010-04-26 11:50:00,6.3,12537,EIRE
537056,85100,WHITE HANGING HEART,2,2010-04-26 11:50:00,6.3,12537,EIRE
537056,85104,LUNCH BAG BLACK,1,2010-04-26 11:50:00,5.6,12537,EIRE
537056,85107,JAM MAKING SET,1,2010-04-26 11:50:00,3.67,12537,EIRE
537057,85100,WHITE HANGING HEART,9,2010-04-26 12:59:00,6.3,12896,France
537057,85105,SET OF 6 SPICE TINS,1,2010-04-26 12:59:00,9.18,12896,France
537057,85102,REGENCY CAKESTAND,5,2010-04-26 12:59:00,4.35,12896,France
537057,85101,JUMBO BAG RED,9,2010-04-26 12:59:00,9.32,12896,France
537058,85102,REGENCY CAKESTAND,1,2010-04-26 11:40:00,4.35,12694,United Kingdom
537059,85101,JUMBO BAG RED,6,2010-04-26 16:07:00,9.32,12735,United Kingdom
537059,85102,REGENCY CAKESTAND,7,2010-04-26 16:07:00,4.35,12735,United Kingdom
537059,85111,WOODLAND CHARLOTTE BAG,15,2010-04-26 16:07:00,9.31,12735,United Kingdom
537060,85102,REGENCY CAKESTAND,9,2010-04-26 14:40:00,4.35,12786,United Kingdom
537060,85108,RECIPE BOX PANTRY,8,2010-04-26 14:40:00,10.31,12786,United Kingdom
537060,85100,WHITE HANGING HEART,9,2010-04-26 14:40:00,6.3,12786,United Kingdom
537060,85103,PARTY BUNTING,4,2010-04-26 14:40:00,11.18,12786,United Kingdom
537061,85100,WHITE HANGING HEART,8,2010-04-26 11:19:00,6.3,12886,United Kingdom
537061,85101,JUMBO BAG RED,4,2010-04-26 11:19:00,9.32,12886,United Kingdom
537062,85101,JUMBO BAG RED,8,2010-04-26 11:29:00,9.32,12538,United Kingdom
537062,85101,JUMBO BAG RED,11,2010-04-26 11:29:00,9.32,12538,United Kingdom
537062,85101,JUMBO BAG RED,5,2010-04-26 11:29:00,9.32,12538,United Kingdom
537063,85108,RECIPE BOX PANTRY,1,2010-04-26 11:55:00,10.31,12826,United Kingdom
537063,85102,REGENCY CAKESTAND,6,2010-04-26 11:55:00,4.35,12826,United Kingdom
537063,85105,SET OF 6 SPICE TINS,5,2010-04-26 11:55:00,9.18,12826,United Kingdom
537063,85111,WOODLAND CHARLOTTE BAG,10,2010-04-26 11:55:00,9.31,12826,United Kingdom
537064,85107,JAM MAKING SET,3,2010-04-26 14:42:00,3.67,12809,United Kingdom
537064,85105,SET OF 6 SPICE TINS,7,2010-04-26 14:42:00,9.18,12809,United Kingdom
537064,85100,WHITE HANGING HEART,6,2010-04-26 14:42:00,6.3,12809,United Kingdom
537064,85101,JUMBO BAG RED,11,2010-04-26 14:42:00,9.32,12809,United Kingdom
537065,85100,WHITE HANGING HEART,-1,2010-04-26 10:02:00,6.3,12551,United Kingdom
537065,85107,JAM MAKING SET,5,2010-04-26 10:02:00,3.67,12551,United Kingdom
537065,85100,WHITE HANGING HEART,4,2010-04-26 10:02:00,6.3,12551,United Kingdom
537065,85100,WHITE HANGING HEART,2,2010-04-26 10:02:00,6.3,12551,United Kingdom
537066,85108,RECIPE BOX PANTRY,9,2010-04-26 16:28:00,10.31,12791,United Kingdom
537066,85106,PACK OF 72 CAKE CASES,11,2010-04-26 16:28:00,3.9,12791,United Kingdom
537067,85102,REGENCY CAKESTAND,8,2010-04-27 17:27:00,4.35,12746,United Kingdom
537067,85102,REGENCY CAKESTAND,4,2010-04-27 17:27:00,4.35,12746,United Kingdom
537067,85101,JUMBO BAG RED,8,2010-04-27 17:27:00,9.32,12746,United Kingdom
537068,85101,JUMBO BAG RED,1,2010-04-27 13:27:00,9.32,12820,France
537068,85105,SET OF 6 SPICE TINS,7,2010-04-27 13:27:00,9.18,12820,France
537068,85100,WHITE HANGING HEART,10,2010-04-27 13:27:00,6.3,12820,France
537069,85100,WHITE HANGING HEART,8,2010-04-27 13:15:00,6.3,12619,United Kingdom
537069,85101,JUMBO BAG RED,5,2010-04-27 13:15:00,9.32,12619,United Kingdom
537069,85104,LUNCH BAG BLACK,1,2010-04-27 13:15:00,5.6,12619,United Kingdom
537070,85108,RECIPE BOX PANTRY,3,2010-04-27 08:00:00,10.31,12534,United Kingdom
537070,85100,WHITE HANGING HEART,2,2010-04-27 08:00:00,6.3,12534,United Kingdom
537070,85101,JUMBO BAG RED,13,2010-04-27 08:00:00,9.32,12534,United Kingdom
537070,85101,JUMBO BAG RED,8,2010-04-27 08:00:00,9.32,12534,United Kingdom
537071,85106,PACK OF 72 CAKE CASES,3,2010-04-27 10:02:00,3.9,12867,Netherlands
537071,85103,PARTY BUNTING,6,2010-04-27 10:02:00,11.18,12867,Netherlands
537071,85100,WHITE HANGING HEART,5,2010-04-27 10:02:00,6.3,12867,Netherlands
537072,85106,PACK OF 72 CAKE CASES,7,2010-04-27 10:24:00,3.9,12511,EIRE
537072,85104,LUNCH BAG BLACK,-3,2010-04-27 10:24:00,5.6,12511,EIRE
537072,85103,PARTY BUNTING,4,2010-04-27 10:24:00,11.18,12511,EIRE
537072,85101,JUMBO BAG RED,8,2010-04-27 10:24:00,9.32,12511,EIRE
537073,85102,REGENCY CAKESTAND,1,2010-04-27 16:02:00,4.35,12796,United Kingdom
537073,85104,LUNCH BAG BLACK,-3,2010-04-27 16:02:00,5.6,12796,United Kingdom
537073,85100,WHITE HANGING HEART,3,2010-04-27 16:02:00,6.3,12796,United Kingdom
537073,85109,ASSORTED COLOUR BIRD,5,2010-04-27 16:02:00,6.63,12796,United Kingdom
537074,85105,SET OF 6 SPICE TINS,1,2010-04-27 13:15:00,9.18,12722,United Kingdom
537074,85107,JAM MAKING SET,10,2010-04-27 13:15:00,3.67,12722,United Kingdom
537074,85100,WHITE HANGING HEART,8,2010-04-27 13:15:00,6.3,12722,United Kingdom
537074,85101,JUMBO BAG RED,6,2010-04-27 13:15:00,9.32,12722,United Kingdom
537075,85101,JUMBO BAG RED,1,2010-04-27 08:02:00,9.32,12844,United Kingdom
537075,85106,PACK OF 72 CAKE CASES,8,2010-04-27 08:02:00,3.9,12844,United Kingdom
537076,85104,LUNCH BAG BLACK,12,2010-04-27 14:18:00,5.6,12806,United Kingdom
537076,85105,SET OF 6 SPICE TINS,3,2010-04-27 14:18:00,9.18,12806,United Kingdom
537076,85103,PARTY BUNTING,4,2010-04-27 14:18:00,11.18,12806,United Kingdom
537077,85101,JUMBO BAG RED,9,2010-04-27 12:05:00,9.32,12788,United Kingdom
537077,85110,PAPER CHAIN KIT,4,2010-04-27 12:05:00,5.67,12788,United Kingdom
537077,85105,SET OF 6 SPICE TINS,9,2010-04-27 12:05:00,9.18,12788,United Kingdom
537077,85100,WHITE HANGING HEART,5,2010-04-27 12:05:00,6.3,12788,United Kingdom
537078,85100,WHITE HANGING HEART,1,2010-04-27 15:44:00,6.3,12708,EIRE
537078,85103,PARTY BUNTING,8,2010-04-27 15:44:00,11.18,12708,EIRE
537078,85100,WHITE HANGING HEART,1,2010-04-27 15:44:00,6.3,12708,EIRE
537078,85108,RECIPE BOX PANTRY,4,2010-04-27 15:44:00,10.31,12708,EIRE
537079,85108,RECIPE BOX PANTRY,9,2010-04-27 16:14:00,10.31,12724,United Kingdom
537079,85100,WHITE HANGING HEART,3,2010-04-27 16:14:00,6.3,12724,United Kingdom
537079,85104,LUNCH BAG BLACK,8,2010-04-27 16:14:00,5.6,12724,United Kingdom
537080,85102,REGENCY CAKESTAND,8,2010-04-27 13:57:00,4.35,12784,United Kingdom
537080,85101,JUMBO BAG RED,1,2010-04-27 13:57:00,9.32,12784,United Kingdom
537081,85105,SET OF 6 SPICE TINS,-3,2010-04-28 17:52:00,9.18,12614,United Kingdom
537082,85101,JUMBO BAG RED,7,2010-04-28 15:15:00,9.32,12627,United Kingdom
537083,85109,ASSORTED COLOUR BIRD,14,2010-04-28 10:14:00,6.63,12840,United Kingdom
537083,85102,REGENCY CAKESTAND,8,2010-04-28 10:14:00,4.35,12840,United Kingdom
537083,85110,PAPER CHAIN KIT,16,2010-04-28 10:14:00,5.67,12840,United Kingdom
537084,85102,REGENCY CAKESTAND,4,2010-04-28 10:18:00,4.35,12587,United Kingdom
537084,85108,RECIPE BOX PANTRY,-2,2010-04-28 10:18:00,10.31,12587,United Kingdom
537084,85104,LUNCH BAG BLACK,7,2010-04-28 10:18:00,5.6,12587,United Kingdom
537085,85100,WHITE HANGING HEART,6,2010-04-28 16:28:00,6.3,12652,United Kingdom
537086,85107,JAM MAKING SET,5,2010-04-28 16:14:00,3.67,12586,United Kingdom
537086,85103,PARTY BUNTING,10,2010-04-28 16:14:00,11.18,12586,United Kingdom
537087,85105,SET OF 6 SPICE TINS,2,2010-04-28 15:13:00,9.18,12597,United Kingdom
537087,85102,REGENCY CAKESTAND,13,2010-04-28 15:13:00,4.35,12597,United Kingdom
537087,85108,RECIPE BOX PANTRY,4,2010-04-28 15:13:00,10.31,12597,United Kingdom
537087,85102,REGENCY CAKESTAND,8,2010-04-28 15:13:00,4.35,12597,United Kingdom
537088,85101,JUMBO BAG RED,1,2010-04-28 11:09:00,9.32,12506,United Kingdom
537089,85105,SET OF 6 SPICE TINS,5,2010-04-28 14:48:00,9.18,12624,United Kingdom
537089,85103,PARTY BUNTING,6,2010-04-28 14:48:00,11.18,12624,United Kingdom
537089,85109,ASSORTED COLOUR BIRD,3,2010-04-28 14:48:00,6.63,12624,United Kingdom
537089,85103,PARTY BUNTING,4,2010-04-28 14:48:00,11.18,12624,United Kingdom
537090,85104,LUNCH BAG BLACK,8,2010-04-28 13:11:00,5.6,12690,United Kingdom
537091,85101,JUMBO BAG RED,13,2010-04-28 13:16:00,9.32,12786,United Kingdom
537091,85101,JUMBO BAG RED,8,2010-04-28 13:16:00,9.32,12786,United Kingdom
537091,85100,WHITE HANGING HEART,5,2010-04-28 13:16:00,6.3,12786,United Kingdom
537092,85107,JAM MAKING SET,1,2010-04-28 09:57:00,3.67,12574,United Kingdom
537092,85103,PARTY BUNTING,8,2010-04-28 09:57:00,11.18,12574,United Kingdom
537092,85106,PACK OF 72 CAKE CASES,7,2010-04-28 09:57:00,3.9,12574,United Kingdom
537092,85104,LUNCH BAG BLACK,5,2010-04-28 09:57:00,5.6,12574,United Kingdom
537093,85103,PARTY BUNTING,1,2010-04-28 08:16:00,11.18,12862,United Kingdom
537094,85107,JAM MAKING SET,5,2010-04-28 10:29:00,3.67,12556,United Kingdom
537094,85100,WHITE HANGING HEART,5,2010-04-28 10:29:00,6.3,12556,United Kingdom
537095,85101,JUMBO BAG RED,9,2010-04-28 10:25:00,9.32,12646,Netherlands
537096,85110,PAPER CHAIN KIT,17,2010-04-29 14:10:00,5.67,12715,EIRE
537097,85101,JUMBO BAG RED,8,2010-04-29 17:30:00,9.32,12715,France
537098,85107,JAM MAKING SET,11,2010-04-29 09:48:00,3.67,12550,Netherlands
537098,85100,WHITE HANGING HEART,5,2010-04-29 09:48:00,6.3,12550,Netherlands
537098,85107,JAM MAKING SET,6,2010-04-29 09:48:00,3.67,12550,Netherlands
537098,85100,WHITE HANGING HEART,7,2010-04-29 09:48:00,6.3,12550,Netherlands
537099,85103,PARTY BUNTING,7,2010-04-29 08:07:00,11.18,12558,United Kingdom
537100,85100,WHITE HANGING HEART,1,2010-04-29 13:36:00,6.3,12684,United Kingdom
537100,85105,SET OF 6 SPICE TINS,4,2010-04-29 13:36:00,9.18,12684,United Kingdom
537101,85100,WHITE HANGING HEART,5,2010-04-29 09:48:00,6.3,12662,United Kingdom
537102,85110,PAPER CHAIN KIT,-1,2010-04-29 16:09:00,5.67,12787,EIRE
537102,85110,PAPER CHAIN KIT,10,2010-04-29 16:09:00,5.67,12787,EIRE
537103,85108,RECIPE BOX PANTRY,6,2010-04-29 15:52:00,10.31,12562,United Kingdom
537104,85109,ASSORTED COLOUR BIRD,12,2010-04-29 09:39:00,6.63,12671,United Kingdom
537104,85104,LUNCH BAG BLACK,-3,2010-04-29 09:39:00,5.6,12671,United Kingdom
537104,85102,REGENCY CAKESTAND,1,2010-04-29 09:39:00,4.35,12671,United Kingdom
537104,85102,REGENCY CAKESTAND,8,2010-04-29 09:39:00,4.35,12671,United Kingdom
537105,85102,REGENCY CAKESTAND,11,2010-04-29 17:19:00,4.35,12790,EIRE
537105,85102,REGENCY CAKESTAND,4,2010-04-29 17:19:00,4.35,12790,EIRE
537105,85105,SET OF 6 SPICE TINS,3,2010-04-29 17:19:00,9.18,12790,EIRE
537106,85104,LUNCH BAG BLACK,3,2010-04-29 08:25:00,5.6,12712,United Kingdom
537106,85101,JUMBO BAG RED,1,2010-04-29 08:25:00,9.32,12712,United Kingdom
537107,85105,SET OF 6 SPICE TINS,5,2010-04-29 09:17:00,9.18,12709,Netherlands
537107,85105,SET OF 6 SPICE TINS,2,2010-04-29 09:17:00,9.18,12709,Netherlands
537108,85105,SET OF 6 SPICE TINS,9,2010-04-29 16:03:00,9.18,12562,United Kingdom
537109,85102,REGENCY CAKESTAND,6,2010-04-29 08:56:00,4.35,12515,United Kingdom
537110,85107,JAM MAKING SET,8,2010-04-30 08:57:00,3.67,12637,United Kingdom
537110,85103,PARTY BUNTING,7,2010-04-30 08:57:00,11.18,12637,United Kingdom
537110,85106,PACK OF 72 CAKE CASES,10,2010-04-30 08:57:00,3.9,12637,United Kingdom
537110,85102,REGENCY CAKESTAND,6,2010-04-30 08:57:00,4.35,12637,United Kingdom
537111,85100,WHITE HANGING HEART,7,2010-04-30 13:16:00,6.3,12830,United Kingdom
537111,85110,PAPER CHAIN KIT,2,2010-04-30 13:16:00,5.67,12830,United Kingdom
537111,85101,JUMBO BAG RED,1,2010-04-30 13:16:00,9.32,12830,United Kingdom
537111,85102,REGENCY CAKESTAND,-1,2010-04-30 13:16:00,4.35,12830,United Kingdom
537112,85107,JAM MAKING SET,2,2010-04-30 15:49:00,3.67,12663,Netherlands
537112,85100,WHITE HANGING HEART,11,2010-04-30 15:49:00,6.3,12663,Netherlands
537112,85102,REGENCY CAKESTAND,5,2010-04-30 15:49:00,4.35,12663,Netherlands
537113,85101,JUMBO BAG RED,5,2010-04-30 14:24:00,9.32,12732,United Kingdom
537113,85110,PAPER CHAIN KIT,5,2010-04-30 14:24:00,5.67,12732,United Kingdom
537113,85103,PARTY BUNTING,3,2010-04-30 14:24:00,11.18,12732,United Kingdom
537114,85106,PACK OF 72 CAKE CASES,-3,2010-04-30 17:43:00,3.9,12554,Netherlands
537114,85100,WHITE HANGING HEART,13,2010-04-30 17:43:00,6.3,12554,Netherlands
537114,85102,REGENCY CAKESTAND,1,2010-04-30 17:43:00,4.35,12554,Netherlands
537114,85105,SET OF 6 SPICE TINS,4,2010-04-30 17:43:00,9.18,12554,Netherlands
537115,85100,WHITE HANGING HEART,13,2010-04-30 14:07:00,6.3,12501,EIRE
537115,85100,WHITE HANGING HEART,6,2010-04-30 14:07:00,6.3,12501,EIRE
537115,85100,WHITE HANGING HEART,6,2010-04-30 14:07:00,6.3,12501,EIRE
537116,85101,JUMBO BAG RED,6,2010-04-30 12:53:00,9.32,12747,United Kingdom
537116,85108,RECIPE BOX PANTRY,8,2010-04-30 12:53:00,10.31,12747,United Kingdom
537116,85100,WHITE HANGING HEART,7,2010-04-30 12:53:00,6.3,12747,United Kingdom
537117,85108,RECIPE BOX PANTRY,6,2010-04-30 10:14:00,10.31,12577,EIRE
537117,85105,SET OF 6 SPICE TINS,4,2010-04-30 10:14:00,9.18,12577,EIRE
537118,85106,PACK OF 72 CAKE CASES,6,2010-04-30 17:34:00,3.9,12776,United Kingdom
537118,85102,REGENCY CAKESTAND,3,2010-04-30 17:34:00,4.35,12776,United Kingdom
537118,85101,JUMBO BAG RED,13,2010-04-30 17:34:00,9.32,12776,United Kingdom
537119,85104,LUNCH BAG BLACK,3,2010-05-01 09:18:00,5.6,12847,United Kingdom
537119,85100,WHITE HANGING HEART,7,2010-05-01 09:18:00,6.3,12847,United Kingdom
537119,85104,LUNCH BAG BLACK,6,2010-05-01 09:18:00,5.6,12847,United Kingdom
537120,85106,PACK OF 72 CAKE CASES,11,2010-05-01 14:32:00,3.9,12873,United Kingdom
537121,85111,WOODLAND CHARLOTTE BAG,11,2010-05-01 09:37:00,9.31,12577,United Kingdom
537121,85101,JUMBO BAG RED,6,2010-05-01 09:37:00,9.32,12577,United Kingdom
537122,85104,LUNCH BAG BLACK,13,2010-05-01 10:02:00,5.6,12569,United Kingdom
537123,85100,WHITE HANGING HEART,8,2010-05-01 11:27:00,6.3,12823,United Kingdom
537123,85110,PAPER CHAIN KIT,8,2010-05-01 11:27:00,5.67,12823,United Kingdom
537124,85104,LUNCH BAG BLACK,5,2010-05-01 17:17:00,5.6,12564,France
537124,85101,JUMBO BAG RED,8,2010-05-01 17:17:00,9.32,12564,France
537124,85101,JUMBO BAG RED,-3,2010-05-01 17:17:00,9.32,12564,France
537125,85105,SET OF 6 SPICE TINS,1,2010-05-03 14:19:00,9.18,12519,United Kingdom
537125,85102,REGENCY CAKESTAND,11,2010-05-03 14:19:00,4.35,12519,United Kingdom
537125,85102,REGENCY CAKESTAND,2,2010-05-03 14:19:00,4.35,12519,United Kingdom
537125,85102,REGENCY CAKESTAND,6,2010-05-03 14:19:00,4.35,12519,United Kingdom
537126,85107,JAM MAKING SET,6,2010-05-03 12:53:00,3.67,12823,United Kingdom
537126,85103,PARTY BUNTING,5,2010-05-03 12:53:00,11.18,12823,United Kingdom
537127,85104,LUNCH BAG BLACK,1,2010-05-03 14:08:00,5.6,12807,Germany
537128,85106,PACK OF 72 CAKE CASES,4,2010-05-03 08:07:00,3.9,12685,United Kingdom
537129,85104,LUNCH BAG BLACK,6,2010-05-03 17:24:00,5.6,12758,United Kingdom
537129,85102,REGENCY CAKESTAND,1,2010-05-03 17:24:00,4.35,12758,United Kingdom
537129,85102,REGENCY CAKESTAND,12,2010-05-03 17:24:00,4.35,12758,United Kingdom
537130,85104,LUNCH BAG BLACK,7,2010-05-03 13:40:00,5.6,12655,United Kingdom
537130,85103,PARTY BUNTING,8,2010-05-03 13:40:00,11.18,12655,United Kingdom
537131,85100,WHITE HANGING HEART,9,2010-05-03 11:42:00,6.3,12551,Germany
537131,85102,REGENCY CAKESTAND,6,2010-05-03 11:42:00,4.35,12551,Germany
537131,85109,ASSORTED COLOUR BIRD,-1,2010-05-03 11:42:00,6.63,12551,Germany
537132,85101,JUMBO BAG RED,7,2010-05-03 16:19:00,9.32,12608,France
537132,85100,WHITE HANGING HEART,3,2010-05-03 16:19:00,6.3,12608,France
537133,85104,LUNCH BAG BLACK,4,2010-05-03 15:40:00,5.6,12529,United Kingdom
537134,85109,ASSORTED COLOUR BIRD,5,2010-05-03 17:59:00,6.63,12688,EIRE
537134,85105,SET OF 6 SPICE TINS,10,2010-05-03 17:59:00,9.18,12688,EIRE
537134,85101,JUMBO BAG RED,9,2010-05-03 17:59:00,9.32,12688,EIRE
537134,85103,PARTY BUNTING,6,2010-05-03 17:59:00,11.18,12688,EIRE
537135,85104,LUNCH BAG BLACK,-2,2010-05-03 17:39:00,5.6,12783,United Kingdom
537136,85102,REGENCY CAKESTAND,9,2010-05-03 13:53:00,4.35,12553,United Kingdom
537137,85102,REGENCY CAKESTAND,6,2010-05-03 17:43:00,4.35,12812,United Kingdom
537137,85109,ASSORTED COLOUR BIRD,1,2010-05-03 17:43:00,6.63,12812,United Kingdom
537137,85101,JUMBO BAG RED,4,2010-05-03 17:43:00,9.32,12812,United Kingdom
537138,85105,SET OF 6 SPICE TINS,11,2010-05-03 13:09:00,9.18,12724,United Kingdom
537139,85104,LUNCH BAG BLACK,11,2010-05-03 12:34:00,5.6,12596,United Kingdom
537139,85101,JUMBO BAG RED,1,2010-05-03 12:34:00,9.32,12596,United Kingdom
537140,85101,JUMBO BAG RED,6,2010-05-03 08:25:00,9.32,12734,Germany
537140,85100,WHITE HANGING HEART,3,2010-05-03 08:25:00,6.3,12734,Germany
537141,85100,WHITE HANGING HEART,6,2010-05-03 14:30:00,6.3,12894,France
537142,85107,JAM MAKING SET,12,2010-05-03 13:14:00,3.67,12647,United Kingdom
537143,85103,PARTY BUNTING,4,2010-05-04 17:06:00,11.18,12794,United Kingdom
537143,85105,SET OF 6 SPICE TINS,3,2010-05-04 17:06:00,9.18,12794,United Kingdom
537144,85102,REGENCY CAKESTAND,9,2010-05-04 10:09:00,4.35,12774,United Kingdom
537145,85102,REGENCY CAKESTAND,10,2010-05-04 15:12:00,4.35,12552,EIRE
537146,85101,JUMBO BAG RED,6,2010-05-04 08:13:00,9.32,12864,United Kingdom
537146,85100,WHITE HANGING HEART,8,2010-05-04 08:13:00,6.3,12864,United Kingdom
537146,85106,PACK OF 72 CAKE CASES,11,2010-05-04 08:13:00,3.9,12864,United Kingdom
537147,85109,ASSORTED COLOUR BIRD,1,2010-05-04 17:59:00,6.63,12524,United Kingdom
537147,85100,WHITE HANGING HEART,7,2010-05-04 17:59:00,6.3,12524,United Kingdom
537148,85103,PARTY BUNTING,2,2010-05-04 13:07:00,11.18,12751,Netherlands
537149,85100,WHITE HANGING HEART,1,2010-05-04 15:11:00,6.3,12548,United Kingdom
537150,85100,WHITE HANGING HEART,5,2010-05-04 11:21:00,6.3,12727,France
537150,85102,REGENCY CAKESTAND,14,2010-05-04 11:21:00,4.35,12727,France
537151,85104,LUNCH BAG BLACK,2,2010-05-04 14:28:00,5.6,12774,United Kingdom
537152,85101,JUMBO BAG RED,2,2010-05-04 13:00:00,9.32,12874,United Kingdom
537153,85100,WHITE HANGING HEART,6,2010-05-04 13:12:00,6.3,12721,United Kingdom
537154,85107,JAM MAKING SET,7,2010-05-05 10:04:00,3.67,12813,United Kingdom
537155,85105,SET OF 6 SPICE TINS,4,2010-05-05 08:16:00,9.18,12644,United Kingdom
537155,85109,ASSORTED COLOUR BIRD,4,2010-05-05 08:16:00,6.63,12644,United Kingdom
537156,85104,LUNCH BAG BLACK,10,2010-05-05 12:41:00,5.6,12622,United Kingdom
537156,85107,JAM MAKING SET,7,2010-05-05 12:41:00,3.67,12622,United Kingdom
537157,85101,JUMBO BAG RED,-3,2010-05-05 10:36:00,9.32,12642,United Kingdom
537158,85103,PARTY BUNTING,5,2010-05-05 09:49:00,11.18,12631,United Kingdom
537158,85103,PARTY BUNTING,5,2010-05-05 09:49:00,11.18,12631,United Kingdom
537158,85100,WHITE HANGING HEART,10,2010-05-05 09:49:00,6.3,12631,United Kingdom
537159,85102,REGENCY CAKESTAND,9,2010-05-05 10:24:00,4.35,12579,Germany
537159,85111,WOODLAND CHARLOTTE BAG,2,2010-05-05 10:24:00,9.31,12579,Germany
537160,85110,PAPER CHAIN KIT,9,2010-05-05 15:40:00,5.67,12821,United Kingdom
537160,85100,WHITE HANGING HEART,6,2010-05-05 15:40:00,6.3,12821,United Kingdom
537160,85107,JAM MAKING SET,8,2010-05-05 15:40:00,3.67,12821,United Kingdom
537161,85100,WHITE HANGING HEART,4,2010-05-05 12:25:00,6.3,12643,Netherlands
537162,85104,LUNCH BAG BLACK,3,2010-05-05 08:07:00,5.6,12823,United Kingdom
537162,85103,PARTY BUNTING,2,2010-05-05 08:07:00,11.18,12823,United Kingdom
537162,85102,REGENCY CAKESTAND,15,2010-05-05 08:07:00,4.35,12823,United Kingdom
537163,85108,RECIPE BOX PANTRY,10,2010-05-05 09:57:00,10.31,12830,United Kingdom
537163,85107,JAM MAKING SET,11,2010-05-05 09:57:00,3.67,12830,United Kingdom
537163,85111,WOODLAND CHARLOTTE BAG,2,2010-05-05 09:57:00,9.31,12830,United Kingdom
537163,85104,LUNCH BAG BLACK,12,2010-05-05 09:57:00,5.6,12830,United Kingdom
537164,85104,LUNCH BAG BLACK,12,2010-05-06 13:24:00,5.6,12853,United Kingdom
537164,85107,JAM MAKING SET,9,2010-05-06 13:24:00,3.67,12853,United Kingdom
537164,85102,REGENCY CAKESTAND,4,2010-05-06 13:24:00,4.35,12853,United Kingdom
537164,85107,JAM MAKING SET,8,2010-05-06 13:24:00,3.67,12853,United Kingdom
537165,85100,WHITE HANGING HEART,8,2010-05-06 09:02:00,6.3,12562,United Kingdom
537165,85101,JUMBO BAG RED,-1,2010-05-06 09:02:00,9.32,12562,United Kingdom
537165,85102,REGENCY CAKESTAND,10,2010-05-06 09:02:00,4.35,12562,United Kingdom
537165,85104,LUNCH BAG BLACK,5,2010-05-06 09:02:00,5.6,12562,United Kingdom
537166,85104,LUNCH BAG BLACK,6,2010-05-06 17:21:00,5.6,12639,United Kingdom
537167,85101,JUMBO BAG RED,3,2010-05-06 17:45:00,9.32,12614,United Kingdom
537167,85100,WHITE HANGING HEART,5,2010-05-06 17:45:00,6.3,12614,United Kingdom
537168,85100,WHITE HANGING HEART,2,2010-05-06 08:14:00,6.3,12804,EIRE
537168,85101,JUMBO BAG RED,8,2010-05-06 08:14:00,9.32,12804,EIRE
537168,85107,JAM MAKING SET,5,2010-05-06 08:14:00,3.67,12804,EIRE
537168,85102,REGENCY CAKESTAND,4,2010-05-06 08:14:00,4.35,12804,EIRE
537169,85105,SET OF 6 SPICE TINS,1,2010-05-06 16:33:00,9.18,12564,United Kingdom
537169,85111,WOODLAND CHARLOTTE BAG,-2,2010-05-06 16:33:00,9.31,12564,United Kingdom
537169,85103,PARTY BUNTING,7,2010-05-06 16:33:00,11.18,12564,United Kingdom
537170,85106,PACK OF 72 CAKE CASES,-3,2010-05-06 12:26:00,3.9,12849,United Kingdom
537170,85102,REGENCY CAKESTAND,7,2010-05-06 12:26:00,4.35,12849,United Kingdom
537170,85109,ASSORTED COLOUR BIRD,-3,2010-05-06 12:26:00,6.63,12849,United Kingdom
537170,85106,PACK OF 72 CAKE CASES,10,2010-05-06 12:26:00,3.9,12849,United Kingdom
537171,85111,WOODLAND CHARLOTTE BAG,4,2010-05-06 08:43:00,9.31,12504,Germany
537171,85109,ASSORTED COLOUR BIRD,5,2010-05-06 08:43:00,6.63,12504,Germany
537172,85105,SET OF 6 SPICE TINS,7,2010-05-06 17:56:00,9.18,12813,United Kingdom
537172,85108,RECIPE BOX PANTRY,9,2010-05-06 17:56:00,10.31,12813,United Kingdom
537172,85110,PAPER CHAIN KIT,2,2010-05-06 17:56:00,5.67,12813,United Kingdom
537172,85100,WHITE HANGING HEART,8,2010-05-06 17:56:00,6.3,12813,United Kingdom
537173,85101,JUMBO BAG RED,3,2010-05-06 13:19:00,9.32,12710,EIRE
537174,85108,RECIPE BOX PANTRY,5,2010-05-06 16:08:00,10.31,12805,United Kingdom
537174,85110,PAPER CHAIN KIT,5,2010-05-06 16:08:00,5.67,12805,United Kingdom
537174,85104,LUNCH BAG BLACK,5,2010-05-06 16:08:00,5.6,12805,United Kingdom
537175,85101,JUMBO BAG RED,1,2010-05-06 11:10:00,9.32,12851,United Kingdom
537175,85100,WHITE HANGING HEART,7,2010-05-06 11:10:00,6.3,12851,United Kingdom
537176,85100,WHITE HANGING HEART,15,2010-05-06 14:31:00,6.3,12742,United Kingdom
537176,85100,WHITE HANGING HEART,16,2010-05-06 14:31:00,6.3,12742,United Kingdom
537176,85100,WHITE HANGING HEART,9,2010-05-06 14:31:00,6.3,12742,United Kingdom
537177,85102,REGENCY CAKESTAND,5,2010-05-06 17:31:00,4.35,12700,United Kingdom
537177,85100,WHITE HANGING HEART,4,2010-05-06 17:31:00,6.3,12700,United Kingdom
537177,85111,WOODLAND CHARLOTTE BAG,10,2010-05-06 17:31:00,9.31,12700,United Kingdom
537178,85105,SET OF 6 SPICE TINS,4,2010-05-06 12:36:00,9.18,12738,EIRE
537178,85100,WHITE HANGING HEART,4,2010-05-06 12:36:00,6.3,12738,EIRE
537178,85100,WHITE HANGING HEART,1,2010-05-06 12:36:00,6.3,12738,EIRE
537179,85104,LUNCH BAG BLACK,3,2010-05-06 14:53:00,5.6,12796,United Kingdom
537179,85107,JAM MAKING SET,2,2010-05-06 14:53:00,3.67,12796,United Kingdom
537179,85105,SET OF 6 SPICE TINS,5,2010-05-06 14:53:00,9.18,12796,United Kingdom
537179,85101,JUMBO BAG RED,2,2010-05-06 14:53:00,9.32,12796,United Kingdom
537180,85107,JAM MAKING SET,10,2010-05-06 11:22:00,3.67,12656,Netherlands
537181,85102,REGENCY CAKESTAND,7,2010-05-07 12:24:00,4.35,12835,United Kingdom
537181,85107,JAM MAKING SET,1,2010-05-07 12:24:00,3.67,12835,United Kingdom
537182,85102,REGENCY CAKESTAND,10,2010-05-07 09:28:00,4.35,12530,United Kingdom
537182,85100,WHITE HANGING HEART,3,2010-05-07 09:28:00,6.3,12530,United Kingdom
537182,85108,RECIPE BOX PANTRY,6,2010-05-07 09:28:00,10.31,12530,United Kingdom
537183,85101,JUMBO BAG RED,7,2010-05-07 14:55:00,9.32,12664,United Kingdom
537183,85100,WHITE HANGING HEART,8,2010-05-07 14:55:00,6.3,12664,United Kingdom
537183,85103,PARTY BUNTING,6,2010-05-07 14:55:00,11.18,12664,United Kingdom
537183,85101,JUMBO BAG RED,4,2010-05-07 14:55:00,9.32,12664,United Kingdom
537184,85100,WHITE HANGING HEART,11,2010-05-07 12:50:00,6.3,12708,United Kingdom
537184,85101,JUMBO BAG RED,10,2010-05-07 12:50:00,9.32,12708,United Kingdom
537184,85105,SET OF 6 SPICE TINS,3,2010-05-07 12:50:00,9.18,12708,United Kingdom
537184,85100,WHITE HANGING HEART,8,2010-05-07 12:50:00,6.3,12708,United Kingdom
537185,85102,REGENCY CAKESTAND,2,2010-05-07 17:26:00,4.35,12677,EIRE
537185,85101,JUMBO BAG RED,5,2010-05-07 17:26:00,9.32,12677,EIRE
537185,85101,JUMBO BAG RED,1,2010-05-07 17:26:00,9.32,12677,EIRE
537186,85100,WHITE HANGING HEART,6,2010-05-07 13:14:00,6.3,12781,Netherlands
537186,85110,PAPER CHAIN KIT,9,2010-05-07 13:14:00,5.67,12781,Netherlands
537186,85100,WHITE HANGING HEART,6,2010-05-07 13:14:00,6.3,12781,Netherlands
537186,85102,REGENCY CAKESTAND,7,2010-05-07 13:14:00,4.35,12781,Netherlands
537187,85101,JUMBO BAG RED,5,2010-05-07 15:55:00,9.32,12844,United Kingdom
537188,85100,WHITE HANGING HEART,1,2010-05-07 17:15:00,6.3,12663,EIRE
537188,85111,WOODLAND CHARLOTTE BAG,8,2010-05-07 17:15:00,9.31,12663,EIRE
537188,85100,WHITE HANGING HEART,8,2010-05-07 17:15:00,6.3,12663,EIRE
537188,85105,SET OF 6 SPICE TINS,11,2010-05-07 17:15:00,9.18,12663,EIRE
537189,85111,WOODLAND CHARLOTTE BAG,2,2010-05-07 09:34:00,9.31,12671,United Kingdom
537190,85103,PARTY BUNTING,5,2010-05-07 11:32:00,11.18,12501,France
537191,85104,LUNCH BAG BLACK,3,2010-05-07 10:37:00,5.6,12759,United Kingdom
537191,85101,JUMBO BAG RED,7,2010-05-07 10:37:00,9.32,12759,United Kingdom
537191,85101,JUMBO BAG RED,10,2010-05-07 10:37:00,9.32,12759,United Kingdom
537191,85108,RECIPE BOX PANTRY,13,2010-05-07 10:37:00,10.31,12759,United Kingdom
537192,85101,JUMBO BAG RED,5,2010-05-07 14:24:00,9.32,12699,Netherlands
537192,85100,WHITE HANGING HEART,4,2010-05-07 14:24:00,6.3,12699,Netherlands
537193,85101,JUMBO BAG RED,6,2010-05-07 13:17:00,9.32,12817,Netherlands
537194,85104,LUNCH BAG BLACK,1,2010-05-07 12:20:00,5.6,12788,United Kingdom
537194,85105,SET OF 6 SPICE TINS,5,2010-05-07 12:20:00,9.18,12788,United Kingdom
537194,85108,RECIPE BOX PANTRY,6,2010-05-07 12:20:00,10.31,12788,United Kingdom
537195,85100,WHITE HANGING HEART,10,2010-05-07 09:46:00,6.3,12524,United Kingdom
537195,85101,JUMBO BAG RED,1,2010-05-07 09:46:00,9.32,12524,United Kingdom
537196,85101,JUMBO BAG RED,7,2010-05-07 10:05:00,9.32,12693,United Kingdom
537196,85105,SET OF 6 SPICE TINS,4,2010-05-07 10:05:00,9.18,12693,United Kingdom
537196,85107,JAM MAKING SET,5,2010-05-07 10:05:00,3.67,12693,United Kingdom
537196,85104,LUNCH BAG BLACK,5,2010-05-07 10:05:00,5.6,12693,United Kingdom
537197,85103,PARTY BUNTING,2,2010-05-07 12:53:00,11.18,12672,United Kingdom
537197,85106,PACK OF 72 CAKE CASES,4,2010-05-07 12:53:00,3.9,12672,United Kingdom
537197,85101,JUMBO BAG RED,12,2010-05-07 12:53:00,9.32,12672,United Kingdom
537197,85100,WHITE HANGING HEART,7,2010-05-07 12:53:00,6.3,12672,United Kingdom
537198,85101,JUMBO BAG RED,4,2010-05-08 14:09:00,9.32,12587,United Kingdom
537198,85100,WHITE HANGING HEART,6,2010-05-08 14:09:00,6.3,12587,United Kingdom
537199,85101,JUMBO BAG RED,1,2010-05-08 11:57:00,9.32,12513,United Kingdom
537200,85106,PACK OF 72 CAKE CASES,3,2010-05-08 14:44:00,3.9,12779,Germany
537200,85105,SET OF 6 SPICE TINS,3,2010-05-08 14:44:00,9.18,12779,Germany
537200,85101,JUMBO BAG RED,1,2010-05-08 14:44:00,9.32,12779,Germany
537201,85100,WHITE HANGING HEART,8,2010-05-08 14:27:00,6.3,12703,United Kingdom
537201,85108,RECIPE BOX PANTRY,5,2010-05-08 14:27:00,10.31,12703,United Kingdom
537201,85100,WHITE HANGING HEART,5,2010-05-08 14:27:00,6.3,12703,United Kingdom
537202,85101,JUMBO BAG RED,8,2010-05-08 10:11:00,9.32,12588,Netherlands
537202,85101,JUMBO BAG RED,5,2010-05-08 10:11:00,9.32,12588,Netherlands
537202,85100,WHITE HANGING HEART,1,2010-05-08 10:11:00,6.3,12588,Netherlands
537203,85101,JUMBO BAG RED,6,2010-05-08 08:50:00,9.32,12501,United Kingdom
537203,85100,WHITE HANGING HEART,1,2010-05-08 08:50:00,6.3,12501,United Kingdom
537203,85103,PARTY BUNTING,1,2010-05-08 08:50:00,11.18,12501,United Kingdom
537203,85100,WHITE HANGING HEART,2,2010-05-08 08:50:00,6.3,12501,United Kingdom
537204,85103,PARTY BUNTING,5,2010-05-08 17:05:00,11.18,12760,France
537204,85103,PARTY BUNTING,8,2010-05-08 17:05:00,11.18,12760,France
537204,85100,WHITE HANGING HEART,1,2010-05-08 17:05:00,6.3,12760,France
537204,85104,LUNCH BAG BLACK,7,2010-05-08 17:05:00,5.6,12760,France
537205,85109,ASSORTED COLOUR BIRD,2,2010-05-08 08:46:00,6.63,12640,Netherlands
537205,85100,WHITE HANGING HEART,1,2010-05-08 08:46:00,6.3,12640,Netherlands
537205,85100,WHITE HANGING HEART,10,2010-05-08 08:46:00,6.3,12640,Netherlands
537206,85102,REGENCY CAKESTAND,10,2010-05-08 17:15:00,4.35,12544,United Kingdom
537206,85105,SET OF 6 SPICE TINS,6,2010-05-08 17:15:00,9.18,12544,United Kingdom
537206,85105,SET OF 6 SPICE TINS,5,2010-05-08 17:15:00,9.18,12544,United Kingdom
537207,85102,REGENCY CAKESTAND,1,2010-05-08 13:05:00,4.35,12739,United Kingdom
537208,85107,JAM MAKING SET,9,2010-05-10 13:11:00,3.67,12663,United Kingdom
537208,85101,JUMBO BAG RED,7,2010-05-10 13:11:00,9.32,12663,United Kingdom
537208,85104,LUNCH BAG BLACK,6,2010-05-10 13:11:00,5.6,12663,United Kingdom
537209,85110,PAPER CHAIN KIT,6,2010-05-10 09:34:00,5.67,12563,United Kingdom
537209,85102,REGENCY CAKESTAND,7,2010-05-10 09:34:00,4.35,12563,United Kingdom
537209,85102,REGENCY CAKESTAND,9,2010-05-10 09:34:00,4.35,12563,United Kingdom
537209,85101,JUMBO BAG RED,5,2010-05-10 09:34:00,9.32,12563,United Kingdom
537210,85104,LUNCH BAG BLACK,3,2010-05-10 12:33:00,5.6,12848,Germany
537210,85108,RECIPE BOX PANTRY,4,2010-05-10 12:33:00,10.31,12848,Germany
537210,85100,WHITE HANGING HEART,8,2010-05-10 12:33:00,6.3,12848,Germany
537211,85108,RECIPE BOX PANTRY,5,2010-05-10 16:45:00,10.31,12714,United Kingdom
537211,85102,REGENCY CAKESTAND,8,2010-05-10 16:45:00,4.35,12714,United Kingdom
537211,85101,JUMBO BAG RED,12,2010-05-10 16:45:00,9.32,12714,United Kingdom
537212,85104,LUNCH BAG BLACK,9,2010-05-10 09:40:00,5.6,12731,EIRE
537212,85101,JUMBO BAG RED,3,2010-05-10 09:40:00,9.32,12731,EIRE
537212,85104,LUNCH BAG BLACK,7,2010-05-10 09:40:00,5.6,12731,EIRE
537213,85102,REGENCY CAKESTAND,7,2010-05-10 10:01:00,4.35,12753,United Kingdom
537213,85108,RECIPE BOX PANTRY,6,2010-05-10 10:01:00,10.31,12753,United Kingdom
537214,85103,PARTY BUNTING,11,2010-05-10 11:30:00,11.18,12589,United Kingdom
537214,85101,JUMBO BAG RED,9,2010-05-10 11:30:00,9.32,12589,United Kingdom
537214,85105,SET OF 6 SPICE TINS,8,2010-05-10 11:30:00,9.18,12589,United Kingdom
537215,85108,RECIPE BOX PANTRY,8,2010-05-10 10:29:00,10.31,12794,United Kingdom
537215,85105,SET OF 6 SPICE TINS,10,2010-05-10 10:29:00,9.18,12794,United Kingdom
537215,85102,REGENCY CAKESTAND,9,2010-05-10 10:29:00,4.35,12794,United Kingdom
537216,85102,REGENCY CAKESTAND,3,2010-05-10 09:27:00,4.35,12785,United Kingdom
537216,85109,ASSORTED COLOUR BIRD,5,2010-05-10 09:27:00,6.63,12785,United Kingdom
537216,85101,JUMBO BAG RED,5,2010-05-10 09:27:00,9.32,12785,United Kingdom
537217,85102,REGENCY CAKESTAND,14,2010-05-10 13:35:00,4.35,12547,Netherlands
537218,85100,WHITE HANGING HEART,-3,2010-05-10 08:35:00,6.3,12730,Netherlands
537218,85100,WHITE HANGING HEART,-1,2010-05-10 08:35:00,6.3,12730,Netherlands
537218,85108,RECIPE BOX PANTRY,5,2010-05-10 08:35:00,10.31,12730,Netherlands
537219,85105,SET OF 6 SPICE TINS,11,2010-05-10 11:56:00,9.18,12637,United Kingdom
537219,85100,WHITE HANGING HEART,7,2010-05-10 11:56:00,6.3,12637,United Kingdom
537219,85106,PACK OF 72 CAKE CASES,8,2010-05-10 11:56:00,3.9,12637,United Kingdom
537220,85107,JAM MAKING SET,5,2010-05-10 17:34:00,3.67,12864,United Kingdom
537220,85101,JUMBO BAG RED,12,2010-05-10 17:34:00,9.32,12864,United Kingdom
537221,85106,PACK OF 72 CAKE CASES,5,2010-05-11 08:15:00,3.9,12527,United Kingdom
537222,85100,WHITE HANGING HEART,13,2010-05-11 17:06:00,6.3,12840,EIRE
537222,85108,RECIPE BOX PANTRY,1,2010-05-11 17:06:00,10.31,12840,EIRE
537222,85103,PARTY BUNTING,7,2010-05-11 17:06:00,11.18,12840,EIRE
537222,85102,REGENCY CAKESTAND,6,2010-05-11 17:06:00,4.35,12840,EIRE
537223,85100,WHITE HANGING HEART,1,2010-05-11 11:17:00,6.3,12674,United Kingdom
537223,85102,REGENCY CAKESTAND,6,2010-05-11 11:17:00,4.35,12674,United Kingdom
537224,85110,PAPER CHAIN KIT,7,2010-05-11 11:59:00,5.67,12556,EIRE
537225,85105,SET OF 6 SPICE TINS,1,2010-05-11 08:57:00,9.18,12724,United Kingdom
537225,85106,PACK OF 72 CAKE CASES,4,2010-05-11 08:57:00,3.9,12724,United Kingdom
537225,85102,REGENCY CAKESTAND,1,2010-05-11 08:57:00,4.35,12724,United Kingdom
537226,85102,REGENCY CAKESTAND,6,2010-05-11 16:10:00,4.35,12682,EIRE
537226,85105,SET OF 6 SPICE TINS,6,2010-05-11 16:10:00,9.18,12682,EIRE
537226,85102,REGENCY CAKESTAND,1,2010-05-11 16:10:00,4.35,12682,EIRE
537227,85101,JUMBO BAG RED,2,2010-05-11 13:47:00,9.32,12770,United Kingdom
537227,85102,REGENCY CAKESTAND,4,2010-05-11 13:47:00,4.35,12770,United Kingdom
537228,85101,JUMBO BAG RED,9,2010-05-11 11:12:00,9.32,12706,EIRE
537228,85104,LUNCH BAG BLACK,1,2010-05-11 11:12:00,5.6,12706,EIRE
537228,85104,LUNCH BAG BLACK,9,2010-05-11 11:12:00,5.6,12706,EIRE
537229,85107,JAM MAKING SET,5,2010-05-11 11:38:00,3.67,12536,Germany
537229,85101,JUMBO BAG RED,7,2010-05-11 11:38:00,9.32,12536,Germany
537229,85101,JUMBO BAG RED,1,2010-05-11 11:38:00,9.32,12536,Germany
537230,85108,RECIPE BOX PANTRY,3,2010-05-11 11:49:00,10.31,12715,United Kingdom
537230,85110,PAPER CHAIN KIT,3,2010-05-11 11:49:00,5.67,12715,United Kingdom
537230,85102,REGENCY CAKESTAND,3,2010-05-11 11:49:00,4.35,12715,United Kingdom
537230,85107,JAM MAKING SET,6,2010-05-11 11:49:00,3.67,12715,United Kingdom
537231,85100,WHITE HANGING HEART,3,2010-05-11 11:10:00,6.3,12832,EIRE
537232,85100,WHITE HANGING HEART,6,2010-05-11 09:02:00,6.3,12542,Netherlands
537233,85101,JUMBO BAG RED,1,2010-05-12 16:33:00,9.32,12755,United Kingdom
537233,85107,JAM MAKING SET,1,2010-05-12 16:33:00,3.67,12755,United Kingdom
537233,85101,JUMBO BAG RED,4,2010-05-12 16:33:00,9.32,12755,United Kingdom
537233,85105,SET OF 6 SPICE TINS,3,2010-05-12 16:33:00,9.18,12755,United Kingdom
537234,85107,JAM MAKING SET,3,2010-05-12 09:02:00,3.67,12758,Germany
537234,85100,WHITE HANGING HEART,2,2010-05-12 09:02:00,6.3,12758,Germany
537235,85105,SET OF 6 SPICE TINS,7,2010-05-12 15:44:00,9.18,12599,Netherlands
537236,85101,JUMBO BAG RED,-3,2010-05-12 15:10:00,9.32,12622,Germany
537237,85102,REGENCY CAKESTAND,3,2010-05-12 08:15:00,4.35,12856,United Kingdom
537237,85100,WHITE HANGING HEART,1,2010-05-12 08:15:00,6.3,12856,United Kingdom
537237,85109,ASSORTED COLOUR BIRD,9,2010-05-12 08:15:00,6.63,12856,United Kingdom
537237,85100,WHITE HANGING HEART,1,2010-05-12 08:15:00,6.3,12856,United Kingdom
537238,85106,PACK OF 72 CAKE CASES,8,2010-05-12 14:14:00,3.9,12896,United Kingdom
537238,85101,JUMBO BAG RED,2,2010-05-12 14:14:00,9.32,12896,United Kingdom
537239,85108,RECIPE BOX PANTRY,1,2010-05-12 13:23:00,10.31,12612,France
537240,85106,PACK OF 72 CAKE CASES,4,2010-05-12 12:21:00,3.9,12699,Germany
537240,85105,SET OF 6 SPICE TINS,5,2010-05-12 12:21:00,9.18,12699,Germany
537241,85107,JAM MAKING SET,-1,2010-05-12 17:17:00,3.67,12575,United Kingdom
537241,85103,PARTY BUNTING,12,2010-05-12 17:17:00,11.18,12575,United Kingdom
537242,85102,REGENCY CAKESTAND,3,2010-05-12 12:01:00,4.35,12821,United Kingdom
537242,85105,SET OF 6 SPICE TINS,2,2010-05-12 12:01:00,9.18,12821,United Kingdom
537242,85106,PACK OF 72 CAKE CASES,7,2010-05-12 12:01:00,3.9,12821,United Kingdom
537243,85106,PACK OF 72 CAKE CASES,1,2010-05-12 12:16:00,3.9,12646,United Kingdom
537243,85104,LUNCH BAG BLACK,1,2010-05-12 12:16:00,5.6,12646,United Kingdom
537244,85104,LUNCH BAG BLACK,7,2010-05-12 09:37:00,5.6,12743,EIRE
537245,85102,REGENCY CAKESTAND,5,2010-05-12 16:14:00,4.35,12507,United Kingdom
537245,85102,REGENCY CAKESTAND,7,2010-05-12 16:14:00,4.35,12507,United Kingdom
537245,85109,ASSORTED COLOUR BIRD,5,2010-05-12 16:14:00,6.63,12507,United Kingdom
537246,85103,PARTY BUNTING,5,2010-05-12 10:48:00,11.18,12734,United Kingdom
537246,85106,PACK OF 72 CAKE CASES,1,2010-05-12 10:48:00,3.9,12734,United Kingdom
537247,85105,SET OF 6 SPICE TINS,1,2010-05-12 15:02:00,9.18,12640,France
537247,85103,PARTY BUNTING,8,2010-05-12 15:02:00,11.18,12640,France
537248,85100,WHITE HANGING HEART,4,2010-05-12 16:21:00,6.3,12782,France
537249,85102,REGENCY CAKESTAND,10,2010-05-13 17:39:00,4.35,12625,Netherlands
537249,85100,WHITE HANGING HEART,11,2010-05-13 17:39:00,6.3,12625,Netherlands
537249,85104,LUNCH BAG BLACK,13,2010-05-13 17:39:00,5.6,12625,Netherlands
537250,85102,REGENCY CAKESTAND,4,2010-05-13 15:04:00,4.35,12847,United Kingdom
537250,85100,WHITE HANGING HEART,7,2010-05-13 15:04:00,6.3,12847,United Kingdom
537250,85103,PARTY BUNTING,1,2010-05-13 15:04:00,11.18,12847,United Kingdom
537250,85100,WHITE HANGING HEART,8,2010-05-13 15:04:00,6.3,12847,United Kingdom
537251,85102,REGENCY CAKESTAND,7,2010-05-13 09:23:00,4.35,12888,United Kingdom
537251,85101,JUMBO BAG RED,1,2010-05-13 09:23:00,9.32,12888,United Kingdom
537251,85106,PACK OF 72 CAKE CASES,11,2010-05-13 09:23:00,3.9,12888,United Kingdom
537251,85106,PACK OF 72 CAKE CASES,4,2010-05-13 09:23:00,3.9,12888,United Kingdom
537252,85106,PACK OF 72 CAKE CASES,6,2010-05-13 17:30:00,3.9,12756,United Kingdom
537252,85100,WHITE HANGING HEART,7,2010-05-13 17:30:00,6.3,12756,United Kingdom
537252,85105,SET OF 6 SPICE TINS,7,2010-05-13 17:30:00,9.18,12756,United Kingdom
537253,85103,PARTY BUNTING,6,2010-05-13 15:16:00,11.18,12873,Germany
537253,85101,JUMBO BAG RED,9,2010-05-13 15:16:00,9.32,12873,Germany
537253,85104,LUNCH BAG BLACK,5,2010-05-13 15:16:00,5.6,12873,Germany
537254,85100,WHITE HANGING HEART,4,2010-05-13 13:29:00,6.3,12661,United Kingdom
537254,85100,WHITE HANGING HEART,12,2010-05-13 13:29:00,6.3,12661,United Kingdom
537254,85104,LUNCH BAG BLACK,6,2010-05-13 13:29:00,5.6,12661,United Kingdom
537254,85104,LUNCH BAG BLACK,9,2010-05-13 13:29:00,5.6,12661,United Kingdom
537255,85102,REGENCY CAKESTAND,9,2010-05-13 14:05:00,4.35,12579,France
537255,85100,WHITE HANGING HEART,12,2010-05-13 14:05:00,6.3,12579,France
537255,85104,LUNCH BAG BLACK,-3,2010-05-13 14:05:00,5.6,12579,France
537256,85104,LUNCH BAG BLACK,6,2010-05-13 14:31:00,5.6,12660,United Kingdom
537256,85106,PACK OF 72 CAKE CASES,1,2010-05-13 14:31:00,3.9,12660,United Kingdom
537256,85101,JUMBO BAG RED,6,2010-05-13 14:31:00,9.32,12660,United Kingdom
537256,85108,RECIPE BOX PANTRY,6,2010-05-13 14:31:00,10.31,12660,United Kingdom
537257,85101,JUMBO BAG RED,1,2010-05-13 09:11:00,9.32,12750,Netherlands
537257,85106,PACK OF 72 CAKE CASES,1,2010-05-13 09:11:00,3.9,12750,Netherlands
537257,85101,JUMBO BAG RED,7,2010-05-13 09:11:00,9.32,12750,Netherlands
537257,85102,REGENCY CAKESTAND,4,2010-05-13 09:11:00,4.35,12750,Netherlands
537258,85105,SET OF 6 SPICE TINS,1,2010-05-13 12:12:00,9.18,12655,Germany
537259,85100,WHITE HANGING HEART,3,2010-05-13 11:50:00,6.3,12572,United Kingdom
537260,85103,PARTY BUNTING,8,2010-05-13 10:56:00,11.18,12593,EIRE
537260,85108,RECIPE BOX PANTRY,2,2010-05-13 10:56:00,10.31,12593,EIRE
537261,85106,PACK OF 72 CAKE CASES,8,2010-05-13 16:05:00,3.9,12572,United Kingdom
537261,85101,JUMBO BAG RED,1,2010-05-13 16:05:00,9.32,12572,United Kingdom
537262,85104,LUNCH BAG BLACK,7,2010-05-13 10:31:00,5.6,12770,United Kingdom
537262,85105,SET OF 6 SPICE TINS,2,2010-05-13 10:31:00,9.18,12770,United Kingdom
537263,85103,PARTY BUNTING,7,2010-05-13 15:06:00,11.18,12535,Netherlands
537263,85104,LUNCH BAG BLACK,4,2010-05-13 15:06:00,5.6,12535,Netherlands
537264,85102,REGENCY CAKESTAND,10,2010-05-13 17:43:00,4.35,12655,United Kingdom
537264,85101,JUMBO BAG RED,-2,2010-05-13 17:43:00,9.32,12655,United Kingdom
537264,85100,WHITE HANGING HEART,13,2010-05-13 17:43:00,6.3,12655,United Kingdom
537265,85100,WHITE HANGING HEART,11,2010-05-13 09:57:00,6.3,12752,United Kingdom
537265,85111,WOODLAND CHARLOTTE BAG,8,2010-05-13 09:57:00,9.31,12752,United Kingdom
537265,85102,REGENCY CAKESTAND,1,2010-05-13 09:57:00,4.35,12752,United Kingdom
537265,85103,PARTY BUNTING,8,2010-05-13 09:57:00,11.18,12752,United Kingdom
537266,85107,JAM MAKING SET,9,2010-05-13 16:25:00,3.67,12876,United Kingdom
537266,85104,LUNCH BAG BLACK,7,2010-05-13 16:25:00,5.6,12876,United Kingdom
537266,85104,LUNCH BAG BLACK,5,2010-05-13 16:25:00,5.6,12876,United Kingdom
537267,85102,REGENCY CAKESTAND,6,2010-05-14 14:47:00,4.35,12660,United Kingdom
537267,85106,PACK OF 72 CAKE CASES,1,2010-05-14 14:47:00,3.9,12660,United Kingdom
537267,85103,PARTY BUNTING,11,2010-05-14 14:47:00,11.18,12660,United Kingdom
537268,85102,REGENCY CAKESTAND,7,2010-05-14 14:26:00,4.35,12524,United Kingdom
537268,85101,JUMBO BAG RED,1,2010-05-14 14:26:00,9.32,12524,United Kingdom
537268,85102,REGENCY CAKESTAND,8,2010-05-14 14:26:00,4.35,12524,United Kingdom
537269,85103,PARTY BUNTING,8,2010-05-14 08:00:00,11.18,12770,EIRE
537270,85107,JAM MAKING SET,9,2010-05-14 08:34:00,3.67,12679,France
537270,85108,RECIPE BOX PANTRY,3,2010-05-14 08:34:00,10.31,12679,France
537271,85100,WHITE HANGING HEART,7,2010-05-14 17:39:00,6.3,12855,United Kingdom
537271,85103,PARTY BUNTING,4,2010-05-14 17:39:00,11.18,12855,United Kingdom
537271,85102,REGENCY CAKESTAND,1,2010-05-14 17:39:00,4.35,12855,United Kingdom
537272,85100,WHITE HANGING HEART,6,2010-05-14 09:38:00,6.3,12614,United Kingdom
537272,85103,PARTY BUNTING,7,2010-05-14 09:38:00,11.18,12614,United Kingdom
537273,85100,WHITE HANGING HEART,2,2010-05-14 13:12:00,6.3,12782,United Kingdom
537273,85105,SET OF 6 SPICE TINS,1,2010-05-14 13:12:00,9.18,12782,United Kingdom
537274,85105,SET OF 6 SPICE TINS,2,2010-05-14 11:17:00,9.18,12703,United Kingdom
537275,85100,WHITE HANGING HEART,8,2010-05-14 16:30:00,6.3,12753,United Kingdom
537275,85107,JAM MAKING SET,4,2010-05-14 16:30:00,3.67,12753,United Kingdom
537276,85108,RECIPE BOX PANTRY,3,2010-05-14 12:55:00,10.31,12569,United Kingdom
537276,85102,REGENCY CAKESTAND,5,2010-05-14 12:55:00,4.35,12569,United Kingdom
537277,85107,JAM MAKING SET,4,2010-05-14 14:24:00,3.67,12518,Germany
537277,85107,JAM MAKING SET,2,2010-05-14 14:24:00,3.67,12518,Germany
537278,85101,JUMBO BAG RED,5,2010-05-14 09:38:00,9.32,12580,United Kingdom
537279,85101,JUMBO BAG RED,-2,2010-05-14 15:53:00,9.32,12869,United Kingdom
537279,85100,WHITE HANGING HEART,12,2010-05-14 15:53:00,6.3,12869,United Kingdom
537279,85100,WHITE HANGING HEART,5,2010-05-14 15:53:00,6.3,12869,United Kingdom
537279,85102,REGENCY CAKESTAND,3,2010-05-14 15:53:00,4.35,12869,United Kingdom
537280,85101,JUMBO BAG RED,5,2010-05-14 14:21:00,9.32,12723,United Kingdom
537280,85106,PACK OF 72 CAKE CASES,2,2010-05-14 14:21:00,3.9,12723,United Kingdom
537280,85104,LUNCH BAG BLACK,5,2010-05-14 14:21:00,5.6,12723,United Kingdom
537280,85101,JUMBO BAG RED,9,2010-05-14 14:21:00,9.32,12723,United Kingdom
537281,85102,REGENCY CAKESTAND,7,2010-05-15 11:01:00,4.35,12761,United Kingdom
537282,85107,JAM MAKING SET,2,2010-05-15 12:30:00,3.67,12806,France
537282,85101,JUMBO BAG RED,6,2010-05-15 12:30:00,9.32,12806,France
537282,85104,LUNCH BAG BLACK,12,2010-05-15 12:30:00,5.6,12806,France
537282,85103,PARTY BUNTING,5,2010-05-15 12:30:00,11.18,12806,France
537283,85108,RECIPE BOX PANTRY,1,2010-05-15 10:57:00,10.31,12531,United Kingdom
537284,85106,PACK OF 72 CAKE CASES,-1,2010-05-15 11:58:00,3.9,12896,United Kingdom
537284,85108,RECIPE BOX PANTRY,6,2010-05-15 11:58:00,10.31,12896,United Kingdom
537285,85101,JUMBO BAG RED,4,2010-05-15 10:28:00,9.32,12853,EIRE
537286,85104,LUNCH BAG BLACK,-1,2010-05-15 10:40:00,5.6,12810,France
537286,85102,REGENCY CAKESTAND,1,2010-05-15 10:40:00,4.35,12810,France
537287,85102,REGENCY CAKESTAND,7,2010-05-15 16:02:00,4.35,12674,United Kingdom
537287,85102,REGENCY CAKESTAND,13,2010-05-15 16:02:00,4.35,12674,United Kingdom
537288,85103,PARTY BUNTING,-3,2010-05-15 15:46:00,11.18,12868,United Kingdom
537289,85100,WHITE HANGING HEART,11,2010-05-15 12:21:00,6.3,12868,United Kingdom
537289,85100,WHITE HANGING HEART,10,2010-05-15 12:21:00,6.3,12868,United Kingdom
537290,85101,JUMBO BAG RED,9,2010-05-17 16:06:00,9.32,12606,United Kingdom
537290,85109,ASSORTED COLOUR BIRD,12,2010-05-17 16:06:00,6.63,12606,United Kingdom
537290,85111,WOODLAND CHARLOTTE BAG,-1,2010-05-17 16:06:00,9.31,12606,United Kingdom
537290,85106,PACK OF 72 CAKE CASES,1,2010-05-17 16:06:00,3.9,12606,United Kingdom
537291,85103,PARTY BUNTING,4,2010-05-17 11:30:00,11.18,12807,United Kingdom
537291,85100,WHITE HANGING HEART,10,2010-05-17 11:30:00,6.3,12807,United Kingdom
537291,85101,JUMBO BAG RED,3,2010-05-17 11:30:00,9.32,12807,United Kingdom
537292,85101,JUMBO BAG RED,2,2010-05-17 15:30:00,9.32,12591,United Kingdom
537293,85100,WHITE HANGING HEART,1,2010-05-17 14:59:00,6.3,12629,Netherlands
537293,85107,JAM MAKING SET,7,2010-05-17 14:59:00,3.67,12629,Netherlands
537293,85110,PAPER CHAIN KIT,6,2010-05-17 14:59:00,5.67,12629,Netherlands
537293,85109,ASSORTED COLOUR BIRD,12,2010-05-17 14:59:00,6.63,12629,Netherlands
537294,85108,RECIPE BOX PANTRY,3,2010-05-17 11:19:00,10.31,12781,Netherlands
537294,85101,JUMBO BAG RED,6,2010-05-17 11:19:00,9.32,12781,Netherlands
537294,85108,RECIPE BOX PANTRY,10,2010-05-17 11:19:00,10.31,12781,Netherlands
537295,85102,REGENCY CAKESTAND,10,2010-05-17 14:19:00,4.35,12505,United Kingdom
537295,85104,LUNCH BAG BLACK,8,2010-05-17 14:19:00,5.6,12505,United Kingdom
537295,85102,REGENCY CAKESTAND,4,2010-05-17 14:19:00,4.35,12505,United Kingdom
537295,85106,PACK OF 72 CAKE CASES,1,2010-05-17 14:19:00,3.9,12505,United Kingdom
537296,85102,REGENCY CAKESTAND,3,2010-05-17 09:59:00,4.35,12625,EIRE
537296,85102,REGENCY CAKESTAND,11,2010-05-17 09:59:00,4.35,12625,EIRE
537297,85102,REGENCY CAKESTAND,3,2010-05-17 08:57:00,4.35,12858,Germany
537297,85102,REGENCY CAKESTAND,7,2010-05-17 08:57:00,4.35,12858,Germany
537297,85102,REGENCY CAKESTAND,4,2010-05-17 08:57:00,4.35,12858,Germany
537298,85103,PARTY BUNTING,4,2010-05-17 17:02:00,11.18,12658,United Kingdom
537298,85104,LUNCH BAG BLACK,7,2010-05-17 17:02:00,5.6,12658,United Kingdom
537298,85104,LUNCH BAG BLACK,11,2010-05-17 17:02:00,5.6,12658,United Kingdom
537299,85102,REGENCY CAKESTAND,4,2010-05-17 15:14:00,4.35,12882,France
537299,85103,PARTY BUNTING,1,2010-05-17 15:14:00,11.18,12882,France
537300,85102,REGENCY CAKESTAND,9,2010-05-17 12:14:00,4.35,12895,United Kingdom
537300,85109,ASSORTED COLOUR BIRD,8,2010-05-17 12:14:00,6.63,12895,United Kingdom
537300,85108,RECIPE BOX PANTRY,9,2010-05-17 12:14:00,10.31,12895,United Kingdom
537301,85107,JAM MAKING SET,8,2010-05-17 11:19:00,3.67,12604,EIRE
537302,85104,LUNCH BAG BLACK,6,2010-05-17 11:38:00,5.6,12776,Netherlands
537302,85103,PARTY BUNTING,-2,2010-05-17 11:38:00,11.18,12776,Netherlands
537303,85106,PACK OF 72 CAKE CASES,1,2010-05-17 17:05:00,3.9,12522,Germany
537304,85104,LUNCH BAG BLACK,11,2010-05-17 11:06:00,5.6,12706,United Kingdom
537305,85106,PACK OF 72 CAKE CASES,1,2010-05-17 15:22:00,3.9,12637,United Kingdom
537306,85100,WHITE HANGING HEART,5,2010-05-17 08:39:00,6.3,12869,United Kingdom
537307,85101,JUMBO BAG RED,5,2010-05-17 11:20:00,9.32,12842,Netherlands
537307,85106,PACK OF 72 CAKE CASES,4,2010-05-17 11:20:00,3.9,12842,Netherlands
537308,85104,LUNCH BAG BLACK,10,2010-05-18 10:02:00,5.6,12652,United Kingdom
537309,85104,LUNCH BAG BLACK,1,2010-05-18 10:20:00,5.6,12817,United Kingdom
537309,85111,WOODLAND CHARLOTTE BAG,-1,2010-05-18 10:20:00,9.31,12817,United Kingdom
537310,85100,WHITE HANGING HEART,4,2010-05-18 09:49:00,6.3,12572,United Kingdom
537310,85106,PACK OF 72 CAKE CASES,3,2010-05-18 09:49:00,3.9,12572,United Kingdom
537311,85102,REGENCY CAKESTAND,6,2010-05-18 10:09:00,4.35,12882,Germany
537311,85103,PARTY BUNTING,2,2010-05-18 10:09:00,11.18,12882,Germany
537312,85100,WHITE HANGING HEART,5,2010-05-18 15:02:00,6.3,12574,France
537312,85100,WHITE HANGING HEART,-2,2010-05-18 15:02:00,6.3,12574,France
537312,85100,WHITE HANGING HEART,3,2010-05-18 15:02:00,6.3,12574,France
537313,85100,WHITE HANGING HEART,10,2010-05-18 17:02:00,6.3,12563,Netherlands
537313,85109,ASSORTED COLOUR BIRD,1,2010-05-18 17:02:00,6.63,12563,Netherlands
537313,85105,SET OF 6 SPICE TINS,1,2010-05-18 17:02:00,9.18,12563,Netherlands
537313,85103,PARTY BUNTING,9,2010-05-18 17:02:00,11.18,12563,Netherlands
537314,85100,WHITE HANGING HEART,6,2010-05-18 10:48:00,6.3,12586,United Kingdom
537314,85101,JUMBO BAG RED,8,2010-05-18 10:48:00,9.32,12586,United Kingdom
537314,85106,PACK OF 72 CAKE CASES,1,2010-05-18 10:48:00,3.9,12586,United Kingdom
537314,85104,LUNCH BAG BLACK,3,2010-05-18 10:48:00,5.6,12586,United Kingdom
537315,85105,SET OF 6 SPICE TINS,12,2010-05-18 08:06:00,9.18,12788,EIRE
537316,85106,PACK OF 72 CAKE CASES,7,2010-05-18 08:15:00,3.9,12643,United Kingdom
537316,85103,PARTY BUNTING,10,2010-05-18 08:15:00,11.18,12643,United Kingdom
537317,85105,SET OF 6 SPICE TINS,1,2010-05-18 15:28:00,9.18,12792,United Kingdom
537317,85106,PACK OF 72 CAKE CASES,7,2010-05-18 15:28:00,3.9,12792,United Kingdom
537318,85100,WHITE HANGING HEART,9,2010-05-18 08:35:00,6.3,12655,United Kingdom
537318,85105,SET OF 6 SPICE TINS,10,2010-05-18 08:35:00,9.18,12655,United Kingdom
537318,85100,WHITE HANGING HEART,3,2010-05-18 08:35:00,6.3,12655,United Kingdom
537319,85101,JUMBO BAG RED,13,2010-05-18 17:54:00,9.32,12886,Germany
537319,85100,WHITE HANGING HEART,3,2010-05-18 17:54:00,6.3,12886,Germany
537319,85103,PARTY BUNTING,4,2010-05-18 17:54:00,11.18,12886,Germany
537320,85102,REGENCY CAKESTAND,2,2010-05-19 15:47:00,4.35,12801,EIRE
537320,85100,WHITE HANGING HEART,6,2010-05-19 15:47:00,6.3,12801,EIRE
537320,85111,WOODLAND CHARLOTTE BAG,2,2010-05-19 15:47:00,9.31,12801,EIRE
537320,85103,PARTY BUNTING,4,2010-05-19 15:47:00,11.18,12801,EIRE
537321,85104,LUNCH BAG BLACK,4,2010-05-19 08:49:00,5.6,12846,United Kingdom
537321,85103,PARTY BUNTING,9,2010-05-19 08:49:00,11.18,12846,United Kingdom
537321,85105,SET OF 6 SPICE TINS,3,2010-05-19 08:49:00,9.18,12846,United Kingdom
537322,85100,WHITE HANGING HEART,6,2010-05-19 17:12:00,6.3,12805,United Kingdom
537322,85103,PARTY BUNTING,6,2010-05-19 17:12:00,11.18,12805,United Kingdom
537323,85103,PARTY BUNTING,1,2010-05-19 08:24:00,11.18,12628,Germany
537323,85105,SET OF 6 SPICE TINS,8,2010-05-19 08:24:00,9.18,12628,Germany
537323,85101,JUMBO BAG RED,6,2010-05-19 08:24:00,9.32,12628,Germany
537324,85100,WHITE HANGING HEART,4,2010-05-19 15:37:00,6.3,12686,Netherlands
537325,85105,SET OF 6 SPICE TINS,9,2010-05-19 11:16:00,9.18,12808,United Kingdom
537326,85102,REGENCY CAKESTAND,5,2010-05-19 08:03:00,4.35,12746,United Kingdom
537327,85103,PARTY BUNTING,8,2010-05-19 15:15:00,11.18,12780,United Kingdom
537327,85111,WOODLAND CHARLOTTE BAG,4,2010-05-19 15:15:00,9.31,12780,United Kingdom
537328,85104,LUNCH BAG BLACK,7,2010-05-19 10:12:00,5.6,12502,EIRE
537329,85107,JAM MAKING SET,1,2010-05-19 15:24:00,3.67,12665,United Kingdom
537329,85106,PACK OF 72 CAKE CASES,1,2010-05-19 15:24:00,3.9,12665,United Kingdom
537329,85108,RECIPE BOX PANTRY,6,2010-05-19 15:24:00,10.31,12665,United Kingdom
537329,85103,PARTY BUNTING,7,2010-05-19 15:24:00,11.18,12665,United Kingdom
537330,85103,PARTY BUNTING,7,2010-05-20 08:27:00,11.18,12530,Netherlands
537331,85103,PARTY BUNTING,1,2010-05-20 11:57:00,11.18,12543,EIRE
537332,85101,JUMBO BAG RED,7,2010-05-20 08:02:00,9.32,12672,United Kingdom
537332,85100,WHITE HANGING HEART,14,2010-05-20 08:02:00,6.3,12672,United Kingdom
537332,85105,SET OF 6 SPICE TINS,8,2010-05-20 08:02:00,9.18,12672,United Kingdom
537332,85102,REGENCY CAKESTAND,8,2010-05-20 08:02:00,4.35,12672,United Kingdom
537333,85104,LUNCH BAG BLACK,1,2010-05-20 15:25:00,5.6,12609,France
537334,85102,REGENCY CAKESTAND,3,2010-05-20 08:16:00,4.35,12823,United Kingdom
537334,85101,JUMBO BAG RED,1,2010-05-20 08:16:00,9.32,12823,United Kingdom
537335,85105,SET OF 6 SPICE TINS,9,2010-05-20 08:54:00,9.18,12597,Germany
537335,85103,PARTY BUNTING,13,2010-05-20 08:54:00,11.18,12597,Germany
537335,85101,JUMBO BAG RED,3,2010-05-20 08:54:00,9.32,12597,Germany
537335,85105,SET OF 6 SPICE TINS,2,2010-05-20 08:54:00,9.18,12597,Germany
537336,85106,PACK OF 72 CAKE CASES,1,2010-05-20 11:21:00,3.9,12594,United Kingdom
537337,85101,JUMBO BAG RED,10,2010-05-20 17:23:00,9.32,12695,United Kingdom
537337,85104,LUNCH BAG BLACK,8,2010-05-20 17:23:00,5.6,12695,United Kingdom
537337,85102,REGENCY CAKESTAND,13,2010-05-20 17:23:00,4.35,12695,United Kingdom
537338,85107,JAM MAKING SET,8,2010-05-20 11:41:00,3.67,12513,United Kingdom
537338,85100,WHITE HANGING HEART,2,2010-05-20 11:41:00,6.3,12513,United Kingdom
537338,85104,LUNCH BAG BLACK,3,2010-05-20 11:41:00,5.6,12513,United Kingdom
537338,85102,REGENCY CAKESTAND,1,2010-05-20 11:41:00,4.35,12513,United Kingdom
537339,85103,PARTY BUNTING,9,2010-05-20 08:32:00,11.18,12629,Germany
537339,85102,REGENCY CAKESTAND,7,2010-05-20 08:32:00,4.35,12629,Germany
537339,85100,WHITE HANGING HEART,10,2010-05-20 08:32:00,6.3,12629,Germany
537340,85109,ASSORTED COLOUR BIRD,6,2010-05-20 15:27:00,6.63,12753,United Kingdom
537340,85109,ASSORTED COLOUR BIRD,9,2010-05-20 15:27:00,6.63,12753,United Kingdom
537340,85105,SET OF 6 SPICE TINS,13,2010-05-20 15:27:00,9.18,12753,United Kingdom
537341,85101,JUMBO BAG RED,5,2010-05-20 16:09:00,9.32,12773,United Kingdom
537341,85106,PACK OF 72 CAKE CASES,6,2010-05-20 16:09:00,3.9,12773,United Kingdom
537341,85100,WHITE HANGING HEART,7,2010-05-20 16:09:00,6.3,12773,United Kingdom
537341,85104,LUNCH BAG BLACK,5,2010-05-20 16:09:00,5.6,12773,United Kingdom
537342,85108,RECIPE BOX PANTRY,9,2010-05-20 09:49:00,10.31,12570,United Kingdom
537342,85103,PARTY BUNTING,8,2010-05-20 09:49:00,11.18,12570,United Kingdom
537343,85104,LUNCH BAG BLACK,5,2010-05-20 15:36:00,5.6,12549,United Kingdom
537343,85103,PARTY BUNTING,4,2010-05-20 15:36:00,11.18,12549,United Kingdom
537343,85104,LUNCH BAG BLACK,8,2010-05-20 15:36:00,5.6,12549,United Kingdom
537343,85100,WHITE HANGING HEART,4,2010-05-20 15:36:00,6.3,12549,United Kingdom
537344,85100,WHITE HANGING HEART,3,2010-05-20 08:00:00,6.3,12675,Netherlands
537344,85103,PARTY BUNTING,5,2010-05-20 08:00:00,11.18,12675,Netherlands
537345,85101,JUMBO BAG RED,13,2010-05-20 10:47:00,9.32,12606,United Kingdom
537345,85105,SET OF 6 SPICE TINS,1,2010-05-20 10:47:00,9.18,12606,United Kingdom
537345,85103,PARTY BUNTING,3,2010-05-20 10:47:00,11.18,12606,United Kingdom
537345,85101,JUMBO BAG RED,4,2010-05-20 10:47:00,9.32,12606,United Kingdom
537346,85100,WHITE HANGING HEART,8,2010-05-20 13:21:00,6.3,12698,United Kingdom
537346,85109,ASSORTED COLOUR BIRD,10,2010-05-20 13:21:00,6.63,12698,United Kingdom
537347,85101,JUMBO BAG RED,4,2010-05-20 11:09:00,9.32,12580,France
537347,85104,LUNCH BAG BLACK,6,2010-05-20 11:09:00,5.6,12580,France
537347,85105,SET OF 6 SPICE TINS,1,2010-05-20 11:09:00,9.18,12580,France
537347,85100,WHITE HANGING HEART,5,2010-05-20 11:09:00,6.3,12580,France
537348,85102,REGENCY CAKESTAND,2,2010-05-20 13:46:00,4.35,12621,United Kingdom
537348,85105,SET OF 6 SPICE TINS,8,2010-05-20 13:46:00,9.18,12621,United Kingdom
537349,85102,REGENCY CAKESTAND,11,2010-05-20 08:04:00,4.35,12691,United Kingdom
537349,85106,PACK OF 72 CAKE CASES,-3,2010-05-20 08:04:00,3.9,12691,United Kingdom
537349,85100,WHITE HANGING HEART,1,2010-05-20 08:04:00,6.3,12691,United Kingdom
537349,85108,RECIPE BOX PANTRY,1,2010-05-20 08:04:00,10.31,12691,United Kingdom
537350,85108,RECIPE BOX PANTRY,1,2010-05-21 09:59:00,10.31,12630,United Kingdom
537350,85102,REGENCY CAKESTAND,12,2010-05-21 09:59:00,4.35,12630,United Kingdom
537350,85101,JUMBO BAG RED,1,2010-05-21 09:59:00,9.32,12630,United Kingdom
537350,85100,WHITE HANGING HEART,5,2010-05-21 09:59:00,6.3,12630,United Kingdom
537351,85102,REGENCY CAKESTAND,9,2010-05-21 14:45:00,4.35,12726,United Kingdom
537351,85101,JUMBO BAG RED,3,2010-05-21 14:45:00,9.32,12726,United Kingdom
537351,85100,WHITE HANGING HEART,7,2010-05-21 14:45:00,6.3,12726,United Kingdom
537351,85104,LUNCH BAG BLACK,3,2010-05-21 14:45:00,5.6,12726,United Kingdom
537352,85103,PARTY BUNTING,6,2010-05-21 11:55:00,11.18,12620,United Kingdom
537352,85100,WHITE HANGING HEART,1,2010-05-21 11:55:00,6.3,12620,United Kingdom
537352,85111,WOODLAND CHARLOTTE BAG,5,2010-05-21 11:55:00,9.31,12620,United Kingdom
537352,85101,JUMBO BAG RED,9,2010-05-21 11:55:00,9.32,12620,United Kingdom
537353,85104,LUNCH BAG BLACK,4,2010-05-21 14:41:00,5.6,12873,United Kingdom
537353,85107,JAM MAKING SET,7,2010-05-21 14:41:00,3.67,12873,United Kingdom
537353,85105,SET OF 6 SPICE TINS,7,2010-05-21 14:41:00,9.18,12873,United Kingdom
537353,85108,RECIPE BOX PANTRY,8,2010-05-21 14:41:00,10.31,12873,United Kingdom
537354,85100,WHITE HANGING HEART,8,2010-05-21 16:38:00,6.3,12562,United Kingdom
537354,85103,PARTY BUNTING,12,2010-05-21 16:38:00,11.18,12562,United Kingdom
537354,85104,LUNCH BAG BLACK,11,2010-05-21 16:38:00,5.6,12562,United Kingdom
537355,85106,PACK OF 72 CAKE CASES,4,2010-05-21 17:46:00,3.9,12778,France
537355,85106,PACK OF 72 CAKE CASES,12,2010-05-21 17:46:00,3.9,12778,France
537356,85101,JUMBO BAG RED,-2,2010-05-21 14:53:00,9.32,12596,United Kingdom
537356,85100,WHITE HANGING HEART,2,2010-05-21 14:53:00,6.3,12596,United Kingdom
537356,85101,JUMBO BAG RED,8,2010-05-21 14:53:00,9.32,12596,United Kingdom
537356,85107,JAM MAKING SET,13,2010-05-21 14:53:00,3.67,12596,United Kingdom
537357,85102,REGENCY CAKESTAND,5,2010-05-21 08:03:00,4.35,12686,Netherlands
537357,85107,JAM MAKING SET,3,2010-05-21 08:03:00,3.67,12686,Netherlands
537358,85108,RECIPE BOX PANTRY,1,2010-05-21 17:34:00,10.31,12767,United Kingdom
537358,85107,JAM MAKING SET,4,2010-05-21 17:34:00,3.67,12767,United Kingdom
537358,85105,SET OF 6 SPICE TINS,10,2010-05-21 17:34:00,9.18,12767,United Kingdom
537358,85103,PARTY BUNTING,6,2010-05-21 17:34:00,11.18,12767,United Kingdom
537359,85101,JUMBO BAG RED,6,2010-05-21 10:00:00,9.32,12663,United Kingdom
537359,85101,JUMBO BAG RED,12,2010-05-21 10:00:00,9.32,12663,United Kingdom
537359,85104,LUNCH BAG BLACK,2,2010-05-21 10:00:00,5.6,12663,United Kingdom
537360,85111,WOODLAND CHARLOTTE BAG,5,2010-05-21 08:55:00,9.31,12672,United Kingdom
537360,85107,JAM MAKING SET,8,2010-05-21 08:55:00,3.67,12672,United Kingdom
537361,85104,LUNCH BAG BLACK,2,2010-05-22 11:40:00,5.6,12690,Netherlands
537361,85105,SET OF 6 SPICE TINS,5,2010-05-22 11:40:00,9.18,12690,Netherlands
537362,85105,SET OF 6 SPICE TINS,1,2010-05-22 10:44:00,9.18,12686,United Kingdom
537362,85101,JUMBO BAG RED,11,2010-05-22 10:44:00,9.32,12686,United Kingdom
537363,85101,JUMBO BAG RED,1,2010-05-22 16:27:00,9.32,12650,United Kingdom
537363,85103,PARTY BUNTING,-3,2010-05-22 16:27:00,11.18,12650,United Kingdom
537363,85100,WHITE HANGING HEART,6,2010-05-22 16:27:00,6.3,12650,United Kingdom
537363,85101,JUMBO BAG RED,7,2010-05-22 16:27:00,9.32,12650,United Kingdom
537364,85106,PACK OF 72 CAKE CASES,10,2010-05-22 12:38:00,3.9,12623,United Kingdom
537364,85101,JUMBO BAG RED,2,2010-05-22 12:38:00,9.32,12623,United Kingdom
537365,85102,REGENCY CAKESTAND,1,2010-05-22 14:35:00,4.35,12791,United Kingdom
537365,85108,RECIPE BOX PANTRY,2,2010-05-22 14:35:00,10.31,12791,United Kingdom
537365,85102,REGENCY CAKESTAND,7,2010-05-22 14:35:00,4.35,12791,United Kingdom
537366,85102,REGENCY CAKESTAND,7,2010-05-22 15:11:00,4.35,12860,Germany
537367,85102,REGENCY CAKESTAND,-3,2010-05-22 09:43:00,4.35,12551,United Kingdom
537367,85100,WHITE HANGING HEART,8,2010-05-22 09:43:00,6.3,12551,United Kingdom
